"V1","V2","V3","V4","V5"
-5255.47719672255,-5279.70919569755,-5246.41683493153,-5261.80067585695,-5224.89689815252
-5265.70752254384,-5259.02220520691,-5253.72551744375,-5233.22632338663,-5259.02280449157
-5271.56055770903,-5268.23100081309,-5254.50887715282,-5257.40975654683,-5248.17026658599
-5247.81540578697,-5240.09185633138,-5261.82980030169,-5269.45431614608,-5252.42731850474
-5244.52743067843,-5268.00574582537,-5248.4192065388,-5269.40818368509,-5248.766027564
-5292.01400144541,-5241.17072438811,-5287.10040266324,-5250.51651756733,-5246.68587497279
-5270.13588205992,-5252.35421974119,-5269.67939423805,-5247.90893320242,-5272.34027772875
-5274.3014789473,-5263.15470795963,-5245.33871513254,-5265.07846162857,-5268.05717061961
-5262.82678308486,-5224.21713816679,-5232.98871318164,-5251.29747440396,-5255.50359670025
-5227.08062015927,-5264.74814513745,-5271.69815729046,-5241.3146776217,-5254.00741225422
-5300.08848703898,-5276.07163913376,-5267.82011265201,-5257.08708071747,-5243.51568755629
-5259.31145960725,-5253.21172565116,-5249.5300936795,-5250.48749835577,-5262.25022497104
-5253.95564714123,-5262.02479497494,-5248.41207565574,-5234.59026467038,-5291.74365260625
-5252.9139241865,-5255.37269323765,-5231.84542130362,-5257.87543857099,-5273.33406619721
-5237.67309802955,-5257.31840645935,-5247.83107440259,-5242.55647041176,-5276.03547361879
-5244.63756445006,-5224.31662119996,-5259.02351072252,-5263.82619411949,-5263.50626241876
-5215.48915790875,-5267.32088514284,-5264.06509457578,-5254.16373476718,-5255.47916697801
-5254.75698494759,-5244.28238142381,-5238.95203562073,-5269.93000041593,-5255.70836667696
-5241.29964142597,-5267.86712202611,-5262.85294272282,-5252.77736434219,-5245.80705673269
-5235.42800997368,-5263.53938527365,-5254.34274104676,-5254.97964603009,-5242.95539291971
-5213.97007124662,-5247.91891043005,-5260.64897128749,-5268.80630842429,-5264.13614389441
-5287.65864048634,-5280.43961617265,-5250.97150458736,-5263.18059045152,-5245.39626978032
-5257.51443457935,-5260.85087342795,-5280.12470264678,-5238.80388760286,-5254.92729668016
-5277.37201844634,-5249.37766966604,-5269.47308628573,-5231.78257660262,-5271.71576201971
-5286.21367736065,-5247.3046179621,-5251.50901030186,-5261.24148520984,-5278.51481501563
-5232.94944358416,-5244.97764168315,-5267.0201658195,-5222.73223834061,-5235.91049334593
-5244.43393121674,-5254.40730795846,-5256.48268114427,-5248.73282602336,-5275.59579009478
-5238.02823527015,-5242.99923138047,-5271.92103703221,-5273.61415677518,-5257.41791367937
-5273.22791886653,-5249.38923183486,-5273.70124578156,-5262.06456762661,-5275.90878844734
-5269.75946243233,-5240.94279755257,-5242.18017407933,-5237.57885186636,-5267.08998938478
-5272.23160147198,-5248.7887946044,-5275.59683647629,-5261.72329820339,-5250.11627239477
-5245.65287513235,-5244.45943978031,-5255.5435053683,-5269.57496185047,-5275.64457072835
-5233.4701675602,-5265.88857881554,-5272.70004534658,-5251.34699429717,-5258.23918362483
-5233.26703051964,-5260.79733058476,-5267.67397431434,-5277.45693881778,-5272.35745299829
-5226.87129626846,-5251.94856902057,-5231.03537216205,-5232.1540542319,-5279.50538924703
-5266.06286686767,-5267.45808510464,-5209.03738065139,-5275.35030152353,-5252.94027397844
-5263.55496259856,-5249.74033489714,-5246.90698690011,-5264.8769958855,-5258.26202946362
-5253.18397682166,-5240.04309411674,-5246.67399780395,-5254.72340331525,-5260.98512675757
-5276.6715377796,-5205.74323608353,-5255.65322809316,-5257.656588336,-5255.36997194217
-5267.78231790387,-5243.38618232035,-5231.40114414485,-5288.76049227693,-5277.42217803227
-5263.91915849651,-5266.42255820493,-5242.77890421094,-5257.23950690013,-5273.21428449852
-5263.4292412814,-5283.69331240173,-5254.08860602255,-5263.23941118546,-5235.69741346012
-5263.40361425148,-5250.74671588771,-5279.45444987615,-5234.05232101492,-5244.01925627993
-5248.36887193464,-5280.33901956337,-5270.36747877651,-5259.80524681155,-5253.43928331043
-5251.59940516188,-5254.75054173452,-5255.86190827562,-5244.24006383094,-5260.43704675277
-5245.17853251725,-5258.33166209764,-5267.62155548152,-5271.2802636973,-5264.66649485904
-5256.30809514985,-5269.25292280514,-5243.78426978154,-5224.26614741217,-5250.69634016504
-5276.46388961215,-5248.09473731994,-5248.72194922861,-5256.05909279351,-5261.61269634066
-5261.06698452807,-5278.82418394253,-5240.50808988504,-5235.90903546288,-5273.49059903078
-5234.06966202932,-5247.12435812216,-5243.67136673124,-5241.13700693621,-5261.97193253232
-5236.20328154414,-5259.48122281453,-5241.36581542723,-5257.66614331324,-5283.9116763594
-5242.90396057814,-5242.11821633608,-5260.52206168145,-5277.76309315561,-5234.01256828377
-5231.4866931677,-5254.1063092435,-5272.22571316785,-5247.35837691597,-5255.93340741205
-5260.95660003813,-5273.2746231721,-5254.83371324516,-5251.90566285603,-5241.32897913006
-5230.59608087669,-5272.68720269281,-5247.8769821245,-5224.95208488966,-5279.10872387132
-5235.7447590944,-5252.15844400493,-5223.14698068376,-5260.6100460608,-5266.06499905575
-5253.58675205966,-5248.50358509234,-5213.78240367128,-5283.4273581098,-5248.91050426672
-5261.7415575077,-5256.84686951214,-5235.26482020284,-5264.96471286875,-5245.92402446219
-5247.24439198643,-5246.13925529071,-5277.41230837675,-5258.94155954471,-5254.23883645269
-5248.95176051506,-5237.5512142482,-5264.67751449271,-5269.05234471755,-5246.98622679974
-5251.28029246437,-5281.16110043924,-5241.54989283432,-5273.90447642752,-5263.20935560458
-5240.81160830966,-5285.69530098696,-5233.29632139978,-5268.93417493776,-5255.18011591407
-5223.12972451013,-5294.35327748674,-5233.85720408768,-5259.9447732612,-5248.22586287286
-5237.84617551327,-5275.89656124477,-5279.07626959106,-5290.73939524773,-5272.38312252864
-5245.51979415202,-5260.87912171225,-5262.28673050903,-5275.25989640881,-5242.50180424302
-5238.93406289486,-5251.49696347206,-5226.09660559488,-5273.72138333567,-5256.44387602791
-5246.78897492535,-5250.65269332236,-5274.74529991993,-5240.12049544691,-5268.10335749111
-5221.20477232904,-5272.28241828569,-5257.90618945588,-5250.31390202988,-5255.10588596457
-5242.59824463081,-5256.28000885289,-5253.47724993514,-5270.91940598504,-5254.60258724834
-5253.09448065763,-5250.30267163917,-5251.12681677425,-5282.24538737282,-5255.89185232283
-5248.98521000104,-5293.99740491526,-5226.1835768572,-5244.33770576435,-5285.10389278464
-5262.08231391522,-5283.65579908491,-5251.23859384836,-5237.45637663814,-5255.23506771728
-5266.81347458787,-5301.64990397966,-5261.5680726691,-5278.73642174094,-5240.07270794117
-5260.40612922309,-5279.14141571209,-5264.82167123732,-5234.21015278495,-5258.3360322719
-5285.8540874688,-5263.05285800816,-5258.81373016929,-5226.79470690527,-5270.30169547473
-5243.35537267808,-5256.27404556346,-5275.7943404975,-5252.4345169884,-5248.52336899857
-5251.64317297122,-5283.69441991716,-5259.27598426087,-5237.24107088027,-5239.23121542464
-5235.50674907483,-5268.52628717562,-5265.25985031974,-5233.6427656672,-5294.00775612536
-5213.55392070645,-5264.83538931205,-5236.54063338843,-5286.09524864784,-5236.45631106217
-5253.35279842595,-5240.22410929379,-5260.23886650235,-5255.81505875047,-5268.54210231345
-5238.18547146357,-5256.20253990447,-5249.84924552116,-5265.83101354699,-5251.20340594465
-5240.60080741731,-5265.22384734833,-5245.27294826477,-5269.10028189921,-5241.81448402675
-5229.7026616334,-5251.29397874123,-5269.8546253081,-5243.7331600519,-5253.36175252551
-5271.31533636215,-5261.91100027022,-5262.61691575657,-5260.3554309023,-5257.05237967693
-5269.16135360856,-5273.2738702641,-5252.81199750166,-5241.21104279016,-5260.93963762387
-5248.98101823587,-5229.83264241625,-5240.70703566077,-5278.67692440789,-5228.91206110356
-5230.95607145014,-5266.49485936322,-5281.95145671234,-5271.91372301077,-5268.51925266029
-5259.86544364056,-5275.05375514719,-5260.79406302726,-5263.73316963751,-5268.77772174162
-5272.36626108644,-5249.00107682959,-5278.67307580859,-5248.88018009163,-5245.53849084583
-5282.62452480866,-5257.76176863574,-5248.46285379165,-5226.39243542952,-5271.35525125836
-5254.29828122496,-5275.51725632029,-5269.42004814669,-5245.9902226426,-5283.26471804323
-5248.87752445406,-5287.33686909842,-5273.47686609633,-5244.02360585431,-5269.70908051175
-5257.7897260192,-5283.27811098865,-5244.19131080572,-5239.50236491326,-5268.75783185355
-5208.12933137345,-5270.08468663186,-5256.20322426899,-5261.23365832983,-5227.35529475435
-5259.03284154605,-5280.98786311306,-5249.78302539876,-5247.70438356166,-5266.37680537944
-5245.43649278124,-5253.69422161875,-5247.66674453617,-5248.67735138431,-5282.85807467036
-5236.30784648467,-5249.27218674813,-5222.23130584968,-5248.8078076336,-5292.28048133943
-5260.0602395419,-5258.71556169594,-5234.25947455624,-5239.05025144632,-5249.95880270738
-5272.04847427953,-5253.9641289885,-5241.09218730093,-5253.4901696792,-5279.32465333393
-5218.41686605893,-5267.41053038875,-5234.39836576558,-5253.54467509006,-5230.25516707095
-5248.98944956983,-5247.26375026902,-5267.63832095219,-5245.31618837154,-5221.33441582648
-5239.68915453904,-5248.02695720132,-5242.04578448974,-5267.24247297276,-5249.94073631063
-5256.75341613445,-5267.8338992081,-5274.50658186981,-5266.53279877659,-5265.61290172136
-5290.89160571127,-5264.92013751506,-5245.41584532884,-5215.98592306385,-5254.86476695582
-5271.41706445948,-5248.62915014452,-5263.25283937556,-5295.39802698776,-5261.28479655901
-5262.20229553154,-5254.77677801785,-5249.55198588568,-5255.97085970397,-5264.43278012981
-5229.48537345077,-5263.39650468988,-5273.86657356136,-5214.30268002689,-5249.91982086584
-5249.22676551054,-5245.26631635749,-5249.6019145234,-5253.30898402383,-5267.32427633441
-5262.24578281944,-5275.01429459698,-5260.37762317482,-5277.22377201357,-5255.25886044238
-5252.25032767128,-5278.1853849838,-5270.1314053418,-5236.21702350394,-5268.06059287154
-5243.06039768719,-5280.78675847865,-5226.22543593913,-5257.64089221864,-5258.69596461523
-5257.4004268245,-5311.81621200144,-5239.02484178266,-5262.59872927398,-5243.75013221663
-5248.03022212902,-5256.27649996741,-5259.18255106604,-5283.36802306509,-5265.28600821664
-5240.67341422299,-5277.60173253923,-5283.70777349376,-5252.98206488998,-5247.62277120986
-5251.13590760976,-5254.95312403006,-5289.54696014123,-5239.74467859048,-5234.74335996371
-5234.66348710212,-5263.80882850374,-5258.7365597051,-5257.04069517088,-5257.28444565561
-5257.62687720859,-5276.48592464048,-5264.9731437012,-5250.38516185561,-5245.33536993853
-5262.19392800937,-5285.2696929075,-5253.71031912059,-5249.14596291336,-5256.09995295024
-5267.97368386588,-5246.15136548068,-5255.98639905957,-5236.71129355524,-5225.23084044388
-5247.56912412512,-5249.49862237011,-5256.82216004952,-5276.74885341732,-5233.02877398636
-5254.28613421973,-5240.58000770322,-5259.65455841674,-5264.72208680548,-5299.7538321238
-5252.04176951935,-5256.34468958071,-5243.86847082009,-5268.20469619145,-5250.87019659138
-5249.66544473399,-5251.3566869879,-5262.83569538788,-5248.54807004404,-5241.12932630627
-5265.6811229884,-5279.17338282621,-5253.62292590453,-5273.67402457551,-5265.99293797189
-5259.74902115495,-5229.48624104734,-5254.53190793617,-5252.19273496856,-5256.11300365749
-5241.69444524416,-5279.22541129203,-5259.50477158472,-5237.58914739148,-5243.90245361592
-5250.5622146981,-5238.37467672154,-5247.85030379852,-5282.43481753201,-5275.95287503578
-5240.28005244241,-5246.46900085895,-5257.5472499341,-5276.85086878741,-5235.01689586446
-5236.2744926006,-5249.43482868069,-5251.1838012742,-5223.51143954527,-5246.81742397986
-5232.54927782186,-5247.97202395047,-5248.86484640627,-5270.96802224673,-5282.37427305668
-5234.396774134,-5254.10290167598,-5255.16515411101,-5252.84984868098,-5246.47579514968
-5279.76531991957,-5261.53860037503,-5258.00259652487,-5233.08351557377,-5253.6691489842
-5265.56145823003,-5245.2697343489,-5258.9252497635,-5217.55324330769,-5268.44786000568
-5276.94549895861,-5258.84334106896,-5255.94386011873,-5267.26236959519,-5266.95147969064
-5264.35428489868,-5243.28076331703,-5254.19852386574,-5252.15908526287,-5240.33484334682
-5273.52505503654,-5290.2750894272,-5252.18204716196,-5223.76434895521,-5253.35778426444
-5254.63702459093,-5251.01772478566,-5284.19766012597,-5244.90606952444,-5255.93903865777
-5276.25038281822,-5264.32143118102,-5263.02150765122,-5230.4092293737,-5302.29686594514
-5279.12469724879,-5250.23163476385,-5242.48531417959,-5278.4741553559,-5228.67123152256
-5226.11684677727,-5249.36227212906,-5229.35485938316,-5259.86505403028,-5232.01472344188
-5242.10037612461,-5234.64261158161,-5254.01794984647,-5239.68858407466,-5223.89511894356
-5286.11947777576,-5255.33475759525,-5247.4831898262,-5244.78254882772,-5285.32621468184
-5222.34680916053,-5275.10067936748,-5276.44196739369,-5264.14468442725,-5247.5605745511
-5245.34518639661,-5263.68276662284,-5239.76961062267,-5241.21555946369,-5245.096886846
-5258.59040405933,-5260.76298271113,-5263.61557129959,-5278.67325725316,-5246.86724319934
-5252.16540333806,-5274.7241631856,-5269.42854417332,-5249.95360271825,-5271.51426720038
-5253.98633323439,-5244.9502547312,-5245.23394667795,-5273.71658936639,-5302.35792075301
-5236.69602532895,-5251.50854126464,-5237.31885982144,-5286.37982792492,-5278.55014399387
-5253.50873111387,-5282.54587900696,-5264.99530444122,-5271.09278773761,-5261.41488845583
-5255.74655333121,-5272.18997653656,-5248.91354806028,-5299.23279588022,-5257.46369585409
-5297.80779043727,-5281.4465447222,-5227.33726669491,-5254.20142659825,-5238.52643299713
-5284.6115387507,-5267.02404860423,-5279.11541542189,-5243.80775662354,-5252.60229055822
-5259.51003542171,-5264.54903835517,-5254.89541829368,-5265.66303024532,-5254.00359128299
-5288.92798584185,-5268.80695195731,-5265.27891998421,-5226.16109899282,-5262.27632305499
-5239.85717727503,-5259.45255640572,-5239.94003282932,-5211.60961495495,-5253.51180749986
-5294.62476237889,-5240.97947815947,-5258.98678316109,-5254.06256216195,-5217.4039048056
-5270.78872128676,-5247.61134581433,-5267.2826952211,-5233.51619094949,-5258.8419112163
-5235.7325742773,-5241.97693844802,-5259.50888138728,-5254.96363292264,-5275.54639038566
-5257.6734354944,-5257.47116488734,-5229.81604685417,-5248.16871663763,-5228.23610468395
-5251.88810811459,-5257.83268182485,-5242.89323033259,-5270.9651363218,-5254.37410707382
-5283.29465826464,-5243.99067413625,-5230.51980651968,-5241.18992498778,-5264.69913897403
-5253.77142915226,-5258.00693357792,-5249.83797007127,-5267.52950134313,-5235.7268549809
-5246.88911036479,-5261.45268776021,-5247.20140304662,-5236.56401708839,-5248.58897236173
-5281.44868378048,-5241.91014228213,-5273.96199630969,-5255.35882786682,-5278.00473593576
-5257.31687647672,-5222.12170371617,-5259.21861594308,-5245.99842225663,-5222.64694156255
-5254.13117634031,-5254.22355898254,-5240.33490351745,-5243.85588527535,-5256.73376696953
-5237.13780556182,-5252.4448516866,-5217.32174645363,-5257.501785699,-5252.74269846188
-5238.53769311705,-5269.97128448954,-5264.13979718167,-5256.31747832682,-5236.32932057109
-5244.66950302413,-5257.2660029599,-5240.32051015711,-5249.13483086395,-5261.96725493231
-5223.4193699192,-5278.62777683115,-5263.87341509468,-5257.68442542609,-5267.30638879776
-5257.51447781668,-5227.36087475734,-5283.5187128226,-5248.86071647045,-5236.48508016064
-5268.65648737716,-5253.77533057349,-5245.34238603872,-5284.19128679778,-5238.38969955093
-5281.76427480999,-5276.54165765958,-5266.40798682254,-5283.31578484592,-5293.41455499433
-5261.70222162056,-5255.79917076901,-5256.01711962782,-5261.6731556167,-5240.94633018043
-5239.47348470015,-5259.97407523545,-5254.97670884732,-5235.66304194607,-5261.83016720113
-5261.80282843726,-5287.2840517918,-5254.78226039739,-5266.47023798599,-5262.58465246648
-5267.77741399603,-5247.88579298514,-5266.28510066207,-5237.68169589532,-5238.15498577875
-5261.83130036919,-5255.17909430635,-5250.5086214263,-5273.13008798067,-5253.05350776921
-5228.06719965289,-5239.97707958332,-5234.60773890286,-5238.05689786933,-5252.72633098282
-5234.22341425808,-5263.41861850669,-5229.66876827598,-5244.20797301907,-5237.21828556213
-5267.05212019677,-5277.07904411606,-5276.17309945253,-5261.78460250759,-5260.84412201439
-5262.16282463046,-5266.80244737936,-5233.58932894808,-5266.73838235559,-5231.92734419868
-5261.33416064426,-5266.35820146466,-5270.30289693557,-5250.85926968271,-5261.32092177926
-5243.31693002029,-5270.73290143325,-5258.54108871567,-5264.23952748101,-5251.57948603697
-5255.27691228952,-5246.5938631116,-5226.46149424368,-5236.36929732844,-5289.0860558095
-5236.29279897451,-5237.735972995,-5239.89003781669,-5239.69732718798,-5262.04705584816
-5234.37904933032,-5259.01850976227,-5267.1146779149,-5260.1808235021,-5259.61520918974
-5237.81979907206,-5284.87058994817,-5233.56207391072,-5248.50250087176,-5244.14396396323
-5248.42958975304,-5292.22989262004,-5254.72746892532,-5261.49582589766,-5261.39353524872
-5285.79628589075,-5255.19465584987,-5255.88450627841,-5256.08852011352,-5277.56050542855
-5241.87379973428,-5258.39882137325,-5264.78785823004,-5242.20076430395,-5274.36618488222
-5235.24508307685,-5259.69439204473,-5219.23677818106,-5252.2547118302,-5266.36190320723
-5251.64571957198,-5271.35429131493,-5252.95337470495,-5286.68007608009,-5262.65340991845
-5284.43115278168,-5235.29931367808,-5262.2543262074,-5259.3972157757,-5286.19202920883
-5250.19730278956,-5255.40961546129,-5234.10108416275,-5252.31536459666,-5274.38642365714
-5278.47917539421,-5252.19687530426,-5282.66475421821,-5252.82625751286,-5242.13708710901
-5225.64054036372,-5251.91366236532,-5257.51412054085,-5240.57172609819,-5278.19962291161
-5258.0436376977,-5216.10885907678,-5240.52498008011,-5266.50835529508,-5306.5842112524
-5290.73056998575,-5232.79478105392,-5245.81293775987,-5252.8691591465,-5276.72879537539
-5253.8191957454,-5273.23242484273,-5285.06206753091,-5260.13343444188,-5258.05161804888
-5260.39845412472,-5254.4262411106,-5264.91804284381,-5253.40617428221,-5266.16172534366
-5252.51419427057,-5268.74607353916,-5222.21016724213,-5277.80167854505,-5256.13345173437
-5274.81057497349,-5261.7717489696,-5240.38773342944,-5256.42665305667,-5257.89897521418
-5246.01077824497,-5242.66193912352,-5246.6289872124,-5282.59995927831,-5253.15734730769
-5274.30213738857,-5268.1859091217,-5274.53372750537,-5283.8976749319,-5261.13171329679
-5255.4876398671,-5260.53306210111,-5268.1735246946,-5259.69700706864,-5279.67099388847
-5262.16324291244,-5245.14451449324,-5271.27418583611,-5263.28509388867,-5271.86422470873
-5255.26833450107,-5232.01538102832,-5244.7629848087,-5283.3024601553,-5266.00393152559
-5268.72047826909,-5267.81701821236,-5265.26504147236,-5287.7923036934,-5255.73987943398
-5255.13485904491,-5250.52033733301,-5252.58645803823,-5279.68328994923,-5254.23044682104
-5278.04388984051,-5272.9210331805,-5275.07029946649,-5267.7421882734,-5262.70412924947
-5245.78770982475,-5261.24477668879,-5263.37123506092,-5255.97895100749,-5265.79713965602
-5258.73349893599,-5255.51997459962,-5282.20036801294,-5277.44239961043,-5248.94904012803
-5261.74957819836,-5246.48098208559,-5268.47831265458,-5256.42353373505,-5291.22200445196
-5259.91091181652,-5245.72517129932,-5251.45739785607,-5243.21175120681,-5241.27981356905
-5245.60594414928,-5288.96279831872,-5256.06747869522,-5262.01184068968,-5268.17879113793
-5284.62682674897,-5259.09068886449,-5258.85371209134,-5236.2079489523,-5247.23462869143
-5259.52118274761,-5243.73260708049,-5252.92039966494,-5240.79441460346,-5276.03868037453
-5250.29284917924,-5249.59234262893,-5270.79005363235,-5252.76469775726,-5270.23912221355
-5209.19593599481,-5288.69389211116,-5262.1289551678,-5286.94540659618,-5296.14257159783
-5248.89628269684,-5255.53770358775,-5280.51912538281,-5224.2806758464,-5266.51582656086
-5263.63851854235,-5256.05469714082,-5286.72034671048,-5261.12309072775,-5269.36318218399
-5255.25192359148,-5267.06231734465,-5281.58955761047,-5268.32261277698,-5279.18222834363
-5259.70320405262,-5258.8963504976,-5250.71927630168,-5211.39880972344,-5279.91639221561
-5239.96231797838,-5256.59266830925,-5243.90505499778,-5242.30579792433,-5251.34514997042
-5269.91977448993,-5255.98468113927,-5232.2616430844,-5267.64077442784,-5242.62805890548
-5256.6997129301,-5269.49580874311,-5223.12626187751,-5278.5220498987,-5288.34792413256
-5247.28498282641,-5252.94268292845,-5252.12051871416,-5246.37381685064,-5265.13153178363
-5242.54108980828,-5255.79912737547,-5234.8421192234,-5251.32880482879,-5274.06824879702
-5224.47969566436,-5282.28576138953,-5246.89352141618,-5238.77176671384,-5252.5231219542
-5274.06867759229,-5271.31961134802,-5258.12091385754,-5280.63003095537,-5249.71562203548
-5264.2860866693,-5239.33737194447,-5261.26750461993,-5252.20915528902,-5234.45479990944
-5253.86307174769,-5246.01885991347,-5273.43833551949,-5290.4564463455,-5258.77496090468
-5239.71583611118,-5257.60312633947,-5252.67392807694,-5262.17805637337,-5249.17114229585
-5258.41149926926,-5256.94064093293,-5256.70181611799,-5274.0474262207,-5260.19999978891
-5257.24948944555,-5247.36216859288,-5256.56748290421,-5246.7010449673,-5257.5120008919
-5265.84949653641,-5256.33846411984,-5258.51027267496,-5245.64060063049,-5255.80334293772
-5283.72179903865,-5239.4526374629,-5264.58458051077,-5257.51142383465,-5264.07214316792
-5281.88604941949,-5259.58145247971,-5291.43082580463,-5245.37036162891,-5246.63507092328
-5268.37109447194,-5225.25400857382,-5301.4809850408,-5282.81902219861,-5283.18848166275
-5266.69412979793,-5281.73664396757,-5228.29461662015,-5242.0919017837,-5272.60235234698
-5274.32387723083,-5271.88940054052,-5274.81848587789,-5257.41896373165,-5253.93393746561
-5251.51547447193,-5251.92665209609,-5260.58304800814,-5239.31010880739,-5264.07646559964
-5241.94950199072,-5240.16900571657,-5224.21355338635,-5257.42646076488,-5258.56413205126
-5232.05721631193,-5266.63122909085,-5243.61205644135,-5233.31629141584,-5231.61727703384
-5256.870808598,-5242.56835869574,-5241.30895812057,-5253.21212898405,-5256.17416277135
-5264.13655116752,-5275.64424678415,-5251.33206219772,-5247.53093534296,-5236.86005521192
-5275.79374519357,-5265.09191178147,-5259.16163412042,-5277.48182372693,-5248.26747569626
-5235.01559832551,-5256.80783687571,-5267.6205031653,-5274.74509366355,-5259.16063100351
-5240.97194799753,-5266.75166237198,-5229.16023040858,-5254.792543288,-5260.13105558505
-5260.4212877824,-5257.7433580363,-5257.39082827827,-5242.54425080628,-5271.00549159402
-5263.51566890036,-5279.43365161984,-5255.90966524853,-5307.24039472276,-5265.06156161904
-5236.20032156468,-5256.56029805976,-5239.36021549813,-5284.48656802043,-5273.0722611701
-5218.29817004385,-5257.73799646663,-5242.81276640668,-5295.02376385411,-5241.83486850962
-5260.94403936945,-5262.81009377847,-5258.67992004446,-5276.43937300478,-5242.42972594595
-5242.06886163404,-5274.73068803946,-5284.93773165542,-5265.21188629491,-5255.93438004945
-5247.84075756278,-5263.04234760336,-5240.38811540638,-5246.85107948771,-5282.69455588601
-5227.94213204526,-5268.11268051241,-5259.96131717815,-5280.57672700522,-5261.84464659357
-5269.79348598692,-5279.91400473391,-5244.95446196309,-5289.63114420415,-5258.73770939119
-5237.87595358595,-5250.3956139803,-5250.09254254744,-5270.55173895306,-5232.17984999174
-5257.00093114186,-5253.68733526627,-5268.67399609122,-5318.50029729902,-5277.33807888665
-5235.38036453061,-5287.56327570195,-5235.24708162619,-5278.78007667629,-5279.6403321081
-5251.40651965852,-5270.75881821324,-5233.08095594815,-5271.74255743508,-5277.01225090211
-5227.77287004012,-5260.06712773962,-5274.94918370033,-5271.68335784502,-5252.92234627713
-5241.88991025834,-5231.97149214943,-5275.21138663353,-5277.40386193082,-5265.94802671622
-5235.3147328919,-5291.28806569207,-5288.91414722041,-5248.06594540398,-5226.0549642743
-5253.80000307868,-5255.72878609457,-5260.26504923423,-5255.08994603158,-5297.94197909715
-5233.49743024203,-5274.7658764422,-5260.09258803145,-5253.87714522066,-5273.8439944685
-5247.31966867031,-5254.59825497922,-5249.56032978136,-5281.61292598779,-5245.81747082202
-5213.31967255917,-5284.24703237086,-5236.5880773204,-5247.85043619458,-5261.78445782064
-5231.408146654,-5267.03682282216,-5250.59930198325,-5280.57807855659,-5271.21600737506
-5259.17836702297,-5259.32925465035,-5255.82394950514,-5253.97305940837,-5271.72385809598
-5247.40518850194,-5270.53378067703,-5249.01357296636,-5262.38024010783,-5244.27677296831
-5249.87874238992,-5282.01651882511,-5230.75989587567,-5267.39708844245,-5253.68385462767
-5268.7215240797,-5235.65332595824,-5236.40243244385,-5270.54962087636,-5267.39399943431
-5255.0419443068,-5255.1206111571,-5257.68766790441,-5269.1137566452,-5280.53026489718
-5236.64278854218,-5266.15937872157,-5261.34761544669,-5261.22463878763,-5249.33481052121
-5266.58141336853,-5240.23672753071,-5245.08417313176,-5242.39832946362,-5268.44617107028
-5240.83075666836,-5252.82072738131,-5282.76488423834,-5255.76464468384,-5273.89497043978
-5256.67620418128,-5266.55610345327,-5241.46226573773,-5279.024290829,-5266.68657634544
-5262.88687218273,-5263.38935738135,-5241.83169966547,-5263.47138493601,-5255.6456218854
-5277.92648061093,-5255.18077217605,-5247.73155156813,-5279.47241488916,-5254.42430619412
-5265.06650992048,-5261.98355886708,-5277.37580388547,-5268.87812103328,-5240.23528381807
-5250.38429729165,-5268.84913813847,-5275.84083749896,-5254.57036275213,-5285.32878802423
-5231.28726392889,-5276.09417573927,-5276.71631408319,-5263.03881539689,-5284.87174520043
-5261.788134305,-5263.40955700097,-5237.55091999317,-5250.97953801036,-5237.50120427503
-5248.24863725806,-5265.54079469458,-5253.35707025582,-5271.9364796374,-5284.10912061807
-5253.92560919508,-5234.98526497678,-5277.72272829556,-5260.8731930826,-5256.24641310538
-5256.09355298049,-5259.62068873803,-5231.19726723727,-5260.248522845,-5271.04520840647
-5229.32407601981,-5241.82515871631,-5259.48865062449,-5249.9450792127,-5274.22606232515
-5255.56075130113,-5284.50089832894,-5252.19177185104,-5276.70667087288,-5268.46719970697
-5259.8812906581,-5265.43560901417,-5253.18909097465,-5260.26117066172,-5249.35441697296
-5237.07846588078,-5267.72614751593,-5245.79483444546,-5282.34423499643,-5249.3809070025
-5244.00773843379,-5248.92676657543,-5243.23307743185,-5270.4784399065,-5284.38003979756
-5253.31384179874,-5257.80001995203,-5267.05929176489,-5277.66867224748,-5267.5588794548
-5238.36505617628,-5230.74556268316,-5254.47439079875,-5239.96126679681,-5260.27774625297
-5276.50068600278,-5254.03631933207,-5235.02571590343,-5248.54305379957,-5280.29532754694
-5232.91629421321,-5222.67616014331,-5263.09874911618,-5260.20529217307,-5259.51060679112
-5255.52244211753,-5267.36611324898,-5219.78631227332,-5262.29028566801,-5258.9406322742
-5252.27533839505,-5256.23240285074,-5271.80703211191,-5270.12421118729,-5266.92491747208
-5264.11659211294,-5237.35950391773,-5240.13292354637,-5240.03687591841,-5277.07461197096
-5247.5305117822,-5236.85437358429,-5262.75810126546,-5293.5596170389,-5237.81617652909
-5272.61303167865,-5253.7620305429,-5278.42974716906,-5261.50222224081,-5284.86293047224
-5266.67596585436,-5246.31198502165,-5252.55269737897,-5229.05934669111,-5262.69777478824
-5251.6052167479,-5248.08302688861,-5244.92911245517,-5223.2360704694,-5259.44049864784
-5239.89538908187,-5254.40790468311,-5265.71157740764,-5239.81289392782,-5248.21145527013
-5247.53335398033,-5245.62550134163,-5262.82933295221,-5272.67597476541,-5236.54307515236
-5227.73293184787,-5237.71740458317,-5237.26630300244,-5270.74588156576,-5241.68674848561
-5257.39216804006,-5260.29323650261,-5267.97090714987,-5245.05439392557,-5260.85089667068
-5262.52992854774,-5226.33145006646,-5264.52910991152,-5256.23658843943,-5272.53774596209
-5266.06554906475,-5246.69123969232,-5247.14540558409,-5260.6629889073,-5262.3980296069
-5234.20750379907,-5250.36774297897,-5268.97459280007,-5261.7955934533,-5258.05780644711
-5233.12731061142,-5255.15370838664,-5268.58215339008,-5263.47298905928,-5247.79750644453
-5261.55646246224,-5271.97941503234,-5272.16059832886,-5277.9188589239,-5276.06806632638
-5253.08487427825,-5261.24081435962,-5247.90921879143,-5274.2499505428,-5263.90384321835
-5257.63740892219,-5276.22661188136,-5251.47821041662,-5266.50342904768,-5262.77002768214
-5297.16375167747,-5233.99206127894,-5271.80083431075,-5251.60698418027,-5298.69459238416
-5242.53684144601,-5271.57152162928,-5279.95854470843,-5256.26326221264,-5269.38304119181
-5244.93849456169,-5245.17027426022,-5276.77394320286,-5262.86116269859,-5254.37974331254
-5258.18724986025,-5277.15386212635,-5235.36280366253,-5262.02552737975,-5276.66815433118
-5228.91787740045,-5296.98352137392,-5287.67761153662,-5253.91130975671,-5258.07798086904
-5249.40931068994,-5285.79297712043,-5267.59678241445,-5259.64922160753,-5279.21938730868
-5226.4237450842,-5225.96537070444,-5302.19001775758,-5272.56638738124,-5262.66285362443
-5249.03741627733,-5254.81888470473,-5300.91052070695,-5272.44893327137,-5274.32708553642
-5256.65487292802,-5262.72209705701,-5250.81397833886,-5252.97865571448,-5253.83722493621
-5265.93318119532,-5245.36801082992,-5270.82221118355,-5282.0853575068,-5248.75346529401
-5253.18515554568,-5272.28846619613,-5272.51863119952,-5274.4857991361,-5254.94825091928
-5242.69749186182,-5251.99519528378,-5262.34812336846,-5267.91737491182,-5267.3614664642
-5268.88551568821,-5267.32133961636,-5264.02931507769,-5247.70999081563,-5281.84248348055
-5233.44835530921,-5267.47607126075,-5266.92133833013,-5242.67054552948,-5283.66283975269
-5258.81510621094,-5259.51696688935,-5248.08889774339,-5300.50282175634,-5293.06779169
-5293.62942219191,-5258.12328397596,-5270.29091747025,-5246.27100033127,-5234.21691521883
-5216.3592424124,-5259.38613777141,-5266.51523284592,-5246.94407296387,-5273.77419341241
-5245.69605618626,-5251.53126164116,-5262.86809145541,-5250.49807557391,-5266.15994776486
-5253.8891936784,-5221.95665176724,-5255.13040628711,-5255.00573092798,-5264.96988567335
-5252.27130277535,-5253.46491453987,-5258.10226734033,-5277.93356277893,-5268.16794221133
-5251.83429195648,-5239.27639079101,-5251.5804834182,-5294.60044552292,-5253.77317258725
-5252.59867063057,-5244.50266541685,-5249.39753968819,-5275.91892998213,-5238.44666526539
-5247.1341563686,-5254.51549029376,-5275.73627090374,-5256.39208981127,-5250.52270873069
-5274.65576011426,-5235.32473004745,-5266.51341760279,-5293.85881677996,-5280.75114355965
-5248.27359142808,-5259.73747577454,-5247.23324040999,-5278.48210382723,-5274.52992973713
-5229.15162835476,-5253.12042029452,-5274.82712236555,-5290.60012164939,-5243.59329363971
-5257.28986867483,-5237.51110176655,-5251.02981111806,-5285.67269138592,-5258.99569130326
-5284.40921390267,-5244.33130058068,-5232.634497932,-5269.81684295509,-5255.2025909544
-5255.5666769743,-5266.63732174952,-5223.42830624715,-5270.34764862605,-5269.75985862182
-5262.37338453061,-5264.41939743384,-5243.20370776415,-5271.51323348914,-5236.91905314084
-5274.72651345703,-5263.16213807116,-5263.86397779105,-5284.97937073919,-5261.08758941305
-5271.73278090398,-5247.29258014697,-5248.89246619303,-5255.55181363037,-5274.41981598998
-5247.26057380992,-5231.21899300246,-5240.72223882235,-5271.46966748198,-5240.98940648277
-5245.62037829467,-5223.27085679648,-5248.38472959769,-5270.89017658646,-5227.87166005291
-5245.4286373,-5286.8520635834,-5248.53147733898,-5285.48148061473,-5263.13449657928
-5240.0912630881,-5246.38098402348,-5282.67621843838,-5249.730443748,-5255.41059279915
-5258.44243870291,-5230.48308724788,-5250.50225932055,-5257.95911495785,-5264.98333524308
-5263.41358320606,-5279.49458282867,-5238.51951085336,-5267.26219982893,-5252.48349864796
-5257.29316804762,-5278.92523823786,-5234.8954785375,-5272.89381648115,-5244.21759719877
-5276.74469856203,-5244.19962651562,-5250.65930073671,-5242.78057029814,-5237.83896138743
-5244.77529164246,-5240.69529984761,-5235.17716088939,-5253.62021807089,-5272.63933834991
-5248.4543653339,-5246.44604349296,-5247.29914179916,-5278.74132830799,-5263.86571609027
-5248.80190468357,-5222.55557782205,-5262.74745793374,-5245.51293144459,-5268.27493480483
-5256.24040135891,-5230.14937865009,-5237.35599267825,-5275.45196976916,-5256.56988565531
-5256.71142604453,-5247.9519877329,-5234.61182615902,-5251.29102647951,-5301.87699507171
-5248.29071851847,-5242.27742715387,-5294.09540791684,-5255.57397748369,-5288.80464639489
-5247.86927861509,-5238.44830173209,-5216.28432888569,-5206.47428734239,-5298.66727046987
-5261.68236884459,-5258.6259818065,-5252.9538115587,-5231.15250241258,-5315.69978123591
-5255.73184599598,-5225.05784820929,-5227.08768832534,-5275.25689997262,-5265.44165314821
-5255.69409064089,-5248.01510429151,-5232.51196280018,-5268.42103625336,-5276.80662637105
-5234.75009974775,-5226.114239978,-5266.3743676236,-5237.08446043977,-5307.82874098199
-5250.81475327338,-5239.4521946812,-5240.12093773419,-5269.62173734234,-5279.15005477353
-5261.37570729693,-5253.49432489923,-5265.73503003919,-5228.62221656573,-5274.5269845319
-5254.28711096421,-5237.63493024655,-5227.26606015322,-5277.11965717641,-5284.39951751533
-5213.85837306097,-5242.33356180707,-5250.77449807964,-5242.44005582823,-5281.36333172258
-5260.06532743881,-5260.10317541044,-5252.41234703804,-5233.09903725688,-5268.51459716347
-5248.65251391871,-5241.85995014501,-5255.17829732509,-5255.02120531054,-5279.64986895782
-5247.88967662815,-5272.23763100451,-5239.24947073288,-5241.65148295636,-5258.72301292978
-5264.73417404585,-5262.37315416173,-5248.25168298552,-5218.04274568374,-5272.00089245373
-5237.53296187411,-5226.12417573335,-5269.3579080821,-5246.98618107796,-5289.25813393018
-5259.07954274804,-5246.37778973271,-5245.94437235306,-5259.65128806476,-5276.03421630582
-5284.82886962168,-5253.60732731991,-5253.68854189944,-5248.21238341599,-5279.95995020559
-5224.62997165736,-5254.09152118155,-5269.56662990004,-5244.63841152499,-5257.14216713164
-5245.73612012854,-5237.83173510703,-5238.9854183633,-5268.41072998515,-5257.88933003773
-5238.19402902826,-5258.31977989759,-5250.17603591489,-5240.50803562874,-5268.21588780401
-5257.90956149833,-5244.75084355515,-5250.85808809612,-5248.33502723951,-5287.93114560977
-5242.54679735337,-5250.60465765618,-5253.1383698991,-5248.95466721662,-5271.57194053146
-5240.00888928528,-5254.07102611843,-5266.93889244275,-5239.06163420963,-5296.58762327219
-5247.76265309632,-5268.08260346363,-5220.70462000154,-5249.59369998226,-5256.51668525072
-5286.79582321114,-5254.44462773016,-5247.04313809494,-5244.09598520995,-5248.99382260068
-5246.77386044686,-5271.49827866515,-5252.2655530366,-5267.57968511683,-5286.84299580998
-5236.27066695282,-5264.29459669188,-5255.81377870681,-5235.13705119792,-5256.76490903621
-5247.55042591982,-5259.41948293705,-5260.15758133897,-5252.24124860836,-5251.50328913595
-5217.70334682957,-5240.98768435026,-5233.33556876063,-5235.01249526435,-5263.1236682883
-5264.99330571217,-5231.18945065484,-5279.64445870065,-5254.0705881254,-5260.17772414863
-5259.37137820805,-5242.28857529668,-5250.42834507542,-5257.31620399318,-5271.04867556853
-5274.35281377019,-5253.95381850262,-5226.85628379566,-5245.41252055595,-5261.74843688817
-5249.20890818626,-5266.31472891768,-5247.44467492236,-5242.76394218499,-5277.8892477572
-5288.30631879643,-5234.50091816529,-5258.24380291756,-5265.6249972607,-5264.36993037645
-5224.94058003843,-5262.30304249278,-5244.40613167328,-5260.73436751932,-5251.73270160336
-5237.00866307489,-5233.48968229056,-5214.61838716214,-5224.24416721994,-5257.80638614559
-5274.58695382572,-5284.59656256068,-5248.36182698819,-5224.01367088168,-5293.41263040387
-5242.2756515715,-5237.86103502255,-5251.47150319612,-5246.62672953346,-5254.85596857268
-5266.28005799756,-5216.00347427259,-5262.00149729257,-5219.63237244689,-5299.8445250852
-5235.31996547181,-5267.00009763007,-5232.33984934394,-5230.88142639483,-5251.50246159611
-5248.24289966104,-5259.0166594473,-5260.36958250935,-5241.15570406422,-5261.76172246295
-5264.93708945957,-5241.42510141896,-5228.04217126996,-5268.00025304985,-5257.38399402117
-5307.40649629114,-5245.07191051398,-5282.77750957255,-5251.15273693908,-5271.22910603135
-5261.52352620256,-5228.03647589702,-5254.65322220659,-5248.91978657772,-5281.48158825812
-5255.33639586167,-5260.23241019917,-5229.88648147515,-5246.10520618154,-5258.45689559412
-5257.60168557283,-5259.19935194746,-5248.83451470516,-5230.50661717749,-5295.9050051252
-5271.67952914402,-5262.23877807505,-5250.17730206127,-5264.16877246232,-5258.78310935734
-5258.83439260071,-5246.23056104875,-5267.16961259141,-5259.19769176152,-5276.84587312763
-5246.1921357664,-5243.96106131907,-5259.30894638794,-5253.56605815793,-5255.67162531838
-5274.08846799696,-5243.25614317683,-5243.38760896197,-5279.30527132437,-5286.25712136555
-5276.74391767299,-5245.65736532046,-5264.8391696081,-5240.63612871065,-5262.795541682
-5244.7033126172,-5246.2267437341,-5280.86876304918,-5267.11363808871,-5282.92265194604
-5243.28073355519,-5232.8697144477,-5281.14676735925,-5238.27952849281,-5272.39353181522
-5245.18237317175,-5250.56486865814,-5266.41021512761,-5239.30999257276,-5277.43834505946
-5270.23147811923,-5286.3538576455,-5261.1263147553,-5232.19043043928,-5260.39045403509
-5245.75848468625,-5266.88742826441,-5249.09268826043,-5264.33080256418,-5257.67596441346
-5239.29407328782,-5277.10406239764,-5256.15411730992,-5255.63657658244,-5281.31631152897
-5241.51706848509,-5270.19326095217,-5273.46046805113,-5266.41665337512,-5279.30773298665
-5255.51367004539,-5251.99000240763,-5253.56301691313,-5267.81948025254,-5285.08576316581
-5257.2646494235,-5267.41420426699,-5250.72460513557,-5256.46388766832,-5280.78732135393
-5271.56820316639,-5241.87218126216,-5255.21490664766,-5257.70202142359,-5252.74279698213
-5272.64553286121,-5261.70688866594,-5235.0315648893,-5269.34653592996,-5295.01657038285
-5253.65414421178,-5279.80250374848,-5253.56134285144,-5248.57328090819,-5292.59972193272
-5261.46586424315,-5250.98964797269,-5241.2823558719,-5251.85288867814,-5262.57223498038
-5256.20546589221,-5247.06597461995,-5254.86550447865,-5247.45734476435,-5270.23245979042
-5245.95799410346,-5267.33107496747,-5253.48864237379,-5229.77069525547,-5244.85432293529
-5242.76636609386,-5264.6494450867,-5267.09227756313,-5243.72858067235,-5279.47738668592
-5236.22533886578,-5253.71698266608,-5227.45940841325,-5270.0204475064,-5261.20840052112
-5262.0810850812,-5256.39906542876,-5259.3930575743,-5220.23839851597,-5248.13882092738
-5228.65808920203,-5307.28213497234,-5219.60611727061,-5247.94018160738,-5267.37200086728
-5272.99471521143,-5260.71605720805,-5261.90695843065,-5253.33956459596,-5258.39169144422
-5221.71348831985,-5285.66881885234,-5252.90424815872,-5257.84255709667,-5283.42776160186
-5227.50503961039,-5261.33621323172,-5267.24673748173,-5243.68093570833,-5265.41527245451
-5264.27307668924,-5243.94930085739,-5220.02830347824,-5268.8419083402,-5278.61806018852
-5251.15028412137,-5283.31560073369,-5249.85459625195,-5258.13560361149,-5254.70398870255
-5245.41957976365,-5255.00862639445,-5268.19981536814,-5240.14921068251,-5263.93237972631
-5267.65078882938,-5260.0868555083,-5233.38575765999,-5241.8109513376,-5249.3995038171
-5276.18990530172,-5253.00896614486,-5242.72444412762,-5245.67469371738,-5259.51298817987
-5243.99928833314,-5254.37883705085,-5285.98418150615,-5248.99657104637,-5256.19966713678
-5267.78633701566,-5255.78347660173,-5239.48632387713,-5273.08733665853,-5297.82755334099
-5247.80336632568,-5283.90061689961,-5242.30220492215,-5237.97947988329,-5235.76887646975
-5264.26929874885,-5268.56042383787,-5259.72551964973,-5252.43128266014,-5269.60397522729
-5236.56086200004,-5255.06328542233,-5266.9090208113,-5236.53530994551,-5260.26596760041
-5265.25811119527,-5261.9505214694,-5233.18575868153,-5240.02129335142,-5258.17676548635
-5239.96917600237,-5278.95540617246,-5264.09673301759,-5251.48391211348,-5283.08068772754
-5262.34709240955,-5237.51616846192,-5240.5620930871,-5272.7088753039,-5254.54236079412
-5263.36445300774,-5236.81495240277,-5237.33493149693,-5279.83864126121,-5267.32086675596
-5222.09994039859,-5271.37256164007,-5237.8840958547,-5247.43896146682,-5282.97089792654
-5256.26417408412,-5266.85696213423,-5255.14783838596,-5239.46608495094,-5279.53881957136
-5237.0081823434,-5279.19174341719,-5237.80832201043,-5267.83141753935,-5254.90498347862
-5280.3264969076,-5254.64710881205,-5248.01316398496,-5239.53913427947,-5249.82548228097
-5279.91731924411,-5254.29141307686,-5259.6328004392,-5257.56731247173,-5251.75578039556
-5266.9834504089,-5244.01008388192,-5247.8162170935,-5253.55057296116,-5289.56185184701
-5241.06495763723,-5248.17512208289,-5233.59131116736,-5269.77526190861,-5270.84462378879
-5270.04196552121,-5247.51345065994,-5258.61685759923,-5234.50582580563,-5259.19552539001
-5252.47836676955,-5274.69469354489,-5222.05200584031,-5278.64977538801,-5244.83463043772
-5229.62175135962,-5266.33112815951,-5217.48490025436,-5243.71474298168,-5236.3819563918
-5258.47606945871,-5256.51346420901,-5246.90496863666,-5218.19834863304,-5242.99908043566
-5256.76966246558,-5269.75588829428,-5258.50855051114,-5257.2624052285,-5241.36159791194
-5246.69940869971,-5228.80034556642,-5243.48960373223,-5237.78357548373,-5264.79267595855
-5241.49760178663,-5266.05429961189,-5266.93794308073,-5247.27004957355,-5281.65163730324
-5247.42405193996,-5225.82886340199,-5262.61946528825,-5242.03586558655,-5272.15375667786
-5255.63822091324,-5285.95926584244,-5253.82252596018,-5251.4579790361,-5279.49610268745
-5260.62496206995,-5259.86346043023,-5259.51186927853,-5245.99154881186,-5291.9570081123
-5253.48334147544,-5247.06124173056,-5239.2185215519,-5265.40916918689,-5263.35755550826
-5234.90681642221,-5272.36653889618,-5268.53116138985,-5257.31405831515,-5221.37099532375
-5249.48502177837,-5249.00458783205,-5271.28159438699,-5245.69334591634,-5244.95395488666
-5265.6790912307,-5241.55326308534,-5252.90784614821,-5258.01246093663,-5249.4904429509
-5278.99136643509,-5247.67973292446,-5253.45828094825,-5256.06475542984,-5279.34307975668
-5261.50715499418,-5246.76328801507,-5216.32664721671,-5253.96510908043,-5265.93342414848
-5229.27369246566,-5228.51453701291,-5257.47226435365,-5238.83786158352,-5255.95946476912
-5254.78074066406,-5263.62759312357,-5269.56392241242,-5271.23254583062,-5266.92820536202
-5257.23220406538,-5252.54759479542,-5244.27918400911,-5249.17809675084,-5271.88013058491
-5281.68686265753,-5252.88305995204,-5240.92297236236,-5252.43943181524,-5255.98148602154
-5249.94290687195,-5249.74786914433,-5247.11878697361,-5258.73622149852,-5227.01419938921
-5256.78240048619,-5286.56462035858,-5260.81714672243,-5244.83566816618,-5263.67252659793
-5270.78767194001,-5275.44250550842,-5241.48844193294,-5213.48707828209,-5227.18583498614
-5283.79662930461,-5235.56697989003,-5248.44713866553,-5239.91335916576,-5286.20138136208
-5245.08810360056,-5238.62802201019,-5270.87275946396,-5253.5171246176,-5269.24426933801
-5269.76974159533,-5241.66916451544,-5254.55427774748,-5235.08138434319,-5218.63107790714
-5224.30639748335,-5256.298353396,-5255.35038165713,-5228.94716007699,-5253.44978127413
-5226.27792721143,-5232.62312638212,-5239.34127412429,-5254.75357802139,-5251.35500876785
-5234.99530908116,-5236.16326376279,-5263.33482797882,-5271.80185659996,-5260.56314952522
-5248.01313315933,-5268.67971633528,-5262.95608622904,-5238.64212911883,-5250.09113695997
-5248.42534776119,-5257.11275602353,-5257.25459523057,-5269.33817503371,-5236.65013268718
-5258.13474660807,-5263.93575403721,-5238.7727265038,-5256.99885299503,-5256.08204675147
-5269.70106991202,-5250.65653096317,-5283.79070713735,-5211.44419900101,-5273.11969944115
-5233.95778354182,-5257.4184292898,-5249.86469214228,-5244.42658143004,-5253.24289411926
-5272.63815060715,-5241.75901375359,-5243.95493018481,-5240.69978627549,-5238.06683249033
-5244.91805731679,-5245.96826751274,-5258.96579088438,-5271.35884583518,-5266.41378443579
-5251.54527243753,-5259.65071913347,-5270.22047036458,-5281.87719478997,-5248.53455616738
-5241.02431774225,-5248.61484240058,-5285.41270055708,-5251.49552701407,-5244.45766318986
-5243.94073719978,-5278.70215917817,-5247.80591625244,-5236.9834396635,-5263.09480984546
-5266.87459842023,-5255.40615785317,-5243.92121322448,-5239.18211382144,-5268.094455349
-5262.06709761473,-5264.39021514139,-5236.61632898296,-5221.23071444689,-5246.96147828679
-5256.73354107622,-5230.26707815731,-5292.05092806702,-5254.40756713984,-5294.26658450117
-5260.15510194449,-5262.00837384995,-5250.24948274149,-5260.56720429607,-5264.90851595748
-5245.81836327763,-5256.98743728778,-5254.0445567453,-5290.6792957377,-5264.15198791403
-5272.62582132557,-5245.67773308987,-5230.89318279435,-5299.81283387848,-5254.96804871565
-5227.94465003427,-5251.5378770358,-5241.24820886546,-5260.41783206512,-5257.74272655064
-5262.32276649468,-5233.2917726687,-5261.88092059908,-5261.02445701605,-5256.81096926447
-5292.40463457993,-5252.56296332118,-5249.72496089875,-5268.41919689739,-5285.75533421503
-5262.66094318716,-5245.01688358989,-5242.67734674062,-5237.24254272469,-5261.58886501359
-5264.54870238113,-5262.03990773778,-5254.57607159254,-5281.87652202129,-5267.5220186089
-5270.25477475817,-5236.44718454266,-5237.22185257079,-5292.79340910713,-5261.53532128903
-5269.13575123002,-5279.56650184919,-5281.37332708493,-5267.26718662822,-5249.60285077644
-5233.75866464586,-5262.61876684922,-5251.45628694457,-5276.37927500796,-5229.14587501899
-5217.13614074919,-5256.81759834106,-5239.36576031093,-5253.88870081299,-5244.82658706251
-5278.14260302078,-5258.36159486036,-5261.39466055592,-5289.4322428325,-5253.53817197454
-5259.06269369107,-5275.74223432101,-5247.08664174849,-5259.08532554442,-5264.97463170256
-5263.7369827055,-5264.18333319457,-5236.0246205157,-5282.71982409251,-5272.75359376076
-5258.58185828175,-5241.07008432533,-5259.57235783587,-5299.38207599943,-5233.79196145474
-5246.05609447663,-5307.69290800739,-5230.82056003381,-5265.45304258265,-5297.39917473027
-5254.99250085943,-5296.46273628061,-5238.57330358228,-5254.93368894404,-5271.73225757368
-5240.80614793168,-5235.74133714392,-5253.06286815367,-5261.50856731522,-5265.51268817203
-5238.67345478311,-5248.97612922627,-5237.3974340901,-5244.03668768847,-5270.70830968147
-5254.16490179394,-5274.9364240923,-5242.39483721951,-5241.56994256864,-5246.48054628025
-5280.40488622372,-5240.10037576022,-5252.55968149888,-5257.45650657942,-5240.8888066072
-5263.64945790726,-5248.68413022259,-5261.49450518747,-5242.05584795585,-5246.34960404443
-5260.58843745665,-5243.93234683223,-5252.42223993474,-5259.60696257692,-5234.94330704715
-5254.94290456234,-5251.9740909294,-5279.84190247771,-5283.46281518906,-5278.19340668587
-5258.845353077,-5259.37830751567,-5254.57438128713,-5266.77628521637,-5266.59083267749
-5244.97652971015,-5242.34417626213,-5289.25494885385,-5267.29849751392,-5252.53900482814
-5255.4798651854,-5254.8660105245,-5265.55858424887,-5254.7563607081,-5216.13963503056
-5250.6532665865,-5255.67748378884,-5234.63804150005,-5250.223139576,-5255.03399312704
-5255.81267484998,-5246.33944319225,-5307.44094259417,-5221.87336856057,-5273.57374255417
-5253.94773846286,-5262.56845522185,-5237.71989301338,-5240.67964852605,-5272.51164386541
-5266.69660956288,-5276.4532417134,-5252.35815037087,-5261.56857760761,-5261.33199363323
-5226.6805173552,-5246.31680096774,-5232.75907277885,-5269.0704035773,-5267.11234650663
-5254.201475305,-5240.97516467964,-5268.96516709428,-5260.92962521172,-5267.31278578659
-5251.73089878334,-5236.6734323507,-5236.99488102723,-5289.87837968479,-5260.42108054344
-5237.45544470221,-5257.5447929711,-5236.29907876116,-5273.58574447047,-5280.2358601536
-5267.13289277682,-5256.0286069445,-5253.4271549741,-5255.19996509482,-5259.38172055833
-5243.37380923575,-5248.67820211081,-5273.88776569514,-5248.64387813941,-5258.63849794654
-5248.02029975346,-5246.21329354512,-5271.27119877733,-5250.9392368189,-5250.26562889582
-5279.61625386017,-5261.19411459602,-5246.3764076841,-5293.53995396399,-5272.69342375539
-5252.33316801124,-5272.4486532193,-5253.83590871234,-5257.79713982865,-5278.95132626439
-5266.90653933425,-5251.20699192088,-5272.79828765701,-5273.21957443344,-5256.46221981563
-5247.42242079794,-5243.47608621042,-5269.6370175032,-5270.02666993499,-5256.76811866101
-5262.34660829059,-5254.34689351229,-5251.97101728205,-5245.44218620516,-5274.45087773501
-5281.25652248343,-5296.26145531618,-5256.43325376504,-5242.85170325055,-5273.8597861689
-5240.5471745759,-5260.96471052386,-5276.20968452179,-5261.48150498776,-5271.95578744879
-5267.50039968334,-5261.65101711905,-5233.5860303516,-5274.40717979847,-5253.20559493494
-5262.11922086205,-5282.86978410684,-5258.05751481771,-5241.63074816332,-5269.11713064185
-5258.53660711143,-5252.90969575758,-5249.71488860192,-5243.35130536481,-5285.10028421153
-5235.06455357351,-5279.1411257085,-5253.20751461802,-5254.45151007732,-5252.33855819407
-5224.05657459902,-5287.33328172542,-5271.76039304934,-5223.24488314688,-5264.93738730261
-5240.88151653509,-5280.49171598984,-5277.14031031145,-5269.17783020943,-5269.9071366826
-5276.35816558146,-5239.24019946957,-5245.2158500357,-5240.60838844782,-5284.48621069801
-5252.96121622881,-5283.11822943384,-5245.31539667449,-5236.15675277543,-5268.43849779497
-5253.18512356905,-5263.18880945907,-5238.07590848448,-5221.37555850162,-5251.33755493314
-5247.8119800453,-5258.97707832323,-5255.27999738018,-5269.10588665897,-5253.32088331032
-5233.59798789273,-5255.04424315135,-5267.50496563358,-5266.14577696179,-5265.55156936211
-5248.46219725473,-5272.54404486091,-5250.31514472399,-5235.05532618151,-5217.7128233057
-5240.56882368344,-5266.82756830294,-5267.07418306229,-5280.9551556437,-5250.30537918701
-5257.96527980365,-5245.75579627614,-5249.08252992428,-5231.45066931667,-5224.186074576
-5235.05968102261,-5260.80189627903,-5250.81394000008,-5235.42919421095,-5262.9819182709
-5274.05378193283,-5269.50408812325,-5226.13250021362,-5226.63327833021,-5238.44615297305
-5256.16835242601,-5249.56827839922,-5278.55317771322,-5256.15822514164,-5262.05369984283
-5228.42961481338,-5267.11867756999,-5254.0653257717,-5266.57030004142,-5251.86727388126
-5236.54543649861,-5248.14627798914,-5241.02001434151,-5241.12634909934,-5250.6854037931
-5260.6544347814,-5274.21763581938,-5226.03104419254,-5256.58927597899,-5257.26685443498
-5242.3347506494,-5261.48251899209,-5235.47605546451,-5262.24036055395,-5252.10734114426
-5263.8749599793,-5248.69205939897,-5216.52673615924,-5265.73733078052,-5262.33222337501
-5252.37284181966,-5260.13451371094,-5246.23255788813,-5251.01241113981,-5254.62234476367
-5251.50730352242,-5290.91566311586,-5264.82469967697,-5265.174562026,-5262.41308744492
-5250.95348748386,-5254.01803508527,-5252.92116238411,-5275.33786582354,-5250.64077151408
-5257.19246456859,-5258.28273374796,-5251.98693657989,-5260.20258798134,-5276.08024470215
-5264.58039176764,-5242.4178530701,-5256.4047833045,-5257.38891279585,-5248.94778488034
-5243.79036077399,-5255.61165189991,-5237.14145708489,-5249.03731418627,-5256.4990364602
-5259.52356874689,-5255.97283272616,-5259.75972441589,-5261.40122760657,-5262.93463675975
-5246.31083260158,-5257.3102221063,-5262.13215459427,-5251.2237539665,-5272.26203589774
-5252.31285716962,-5261.39181002401,-5267.67127790221,-5258.22730833455,-5241.45739358009
-5253.58602545401,-5241.76870422719,-5270.64181726626,-5232.93146545105,-5272.22301077421
-5246.64947872392,-5244.36001156513,-5230.68430082746,-5259.3579990158,-5266.63364335114
-5226.74612057243,-5233.52240577799,-5270.1620125558,-5239.22172855921,-5250.14039383356
-5261.46461952625,-5276.82097021823,-5267.78293680219,-5265.90955888009,-5273.27846717192
-5272.47262575882,-5253.83070915342,-5268.65530097721,-5236.56834129502,-5323.49250679377
-5247.84696597665,-5257.09162794936,-5257.47673587395,-5256.45323112685,-5252.15820333286
-5241.13606247698,-5260.87327121753,-5280.96346717681,-5259.88639312811,-5230.24231359476
-5213.94808282394,-5269.12508398565,-5272.70168440367,-5256.90463080379,-5254.62962118436
-5245.62859733096,-5292.30759548134,-5238.57906752637,-5238.28710740019,-5251.3361649146
-5269.54622585263,-5275.80584460571,-5234.72086173737,-5254.9051573264,-5243.78834570383
-5264.28160511244,-5247.71834263347,-5231.03972679083,-5247.54811034042,-5270.3004688498
-5242.26610319026,-5256.41957403833,-5289.95212577241,-5244.11713020708,-5283.88768573452
-5248.34370308803,-5267.23253270184,-5279.28491022003,-5250.5390365817,-5262.7215494399
-5236.44044749561,-5267.35797243411,-5244.31502141193,-5224.608740092,-5288.24623978843
-5246.58112982851,-5293.02227125946,-5267.87233039361,-5264.86309361456,-5269.53443096161
-5239.04508335022,-5250.2981907538,-5255.06297237541,-5275.54898795648,-5255.72146705692
-5269.21093845986,-5276.72767655661,-5274.10388755927,-5241.86189083843,-5270.04475897177
-5232.27140178671,-5245.38802319232,-5285.26459948296,-5266.32404696357,-5277.8267677061
-5234.7933411352,-5232.17057206549,-5249.75171613309,-5245.52586912734,-5246.87638876171
-5261.66543089653,-5233.40760169333,-5262.81781046199,-5242.76808980043,-5227.94471851176
-5243.6190563612,-5290.91875561066,-5274.43391687226,-5253.25086324455,-5239.93288658298
-5245.46373181852,-5247.32377923621,-5264.79582921594,-5240.48250432431,-5252.89995305193
-5251.7085012376,-5240.14772624558,-5249.27027953812,-5253.20264073922,-5249.12426129672
-5242.93398388975,-5282.44748370563,-5247.28534441877,-5272.50490501166,-5276.25257773127
-5255.26702439599,-5229.84511568534,-5252.07326989984,-5250.45831340296,-5253.98778157793
-5240.10293406084,-5235.44086224646,-5257.76767563681,-5233.91010972354,-5273.96720317776
-5241.6668182451,-5243.19558423488,-5254.72168246984,-5254.18583291614,-5250.66301911126
-5243.38781705344,-5274.25388804945,-5253.86120969684,-5265.14625485949,-5227.11456921258
-5250.55905257683,-5248.0105447963,-5237.55493293622,-5272.71891219108,-5233.45461719608
-5247.71551678971,-5252.55499384943,-5266.76341211001,-5264.1517558987,-5252.86726650309
-5260.26691686339,-5256.67470802336,-5264.35171682147,-5275.66262591115,-5234.12694874194
-5220.41553927431,-5275.97460188173,-5254.22520788648,-5278.42983619712,-5272.46361883437
-5268.66304546331,-5239.00392540781,-5250.70616551679,-5284.99689623978,-5249.43197264459
-5261.5299216921,-5279.90512997192,-5262.58524685591,-5263.2295531031,-5252.49993512795
-5286.84951366552,-5267.90608973413,-5279.63646718681,-5271.59710834357,-5244.92596772599
-5256.87494222474,-5239.61615820226,-5272.41096929872,-5258.12090184,-5266.84664865344
-5281.22091998985,-5266.0415432257,-5254.10876832825,-5273.07436582315,-5233.89270066634
-5274.51646702548,-5260.05724607479,-5257.11628419435,-5277.0147974596,-5259.3672172665
-5235.54171120343,-5277.64410426101,-5285.7673982694,-5264.34106585898,-5271.30323590573
-5260.64927616054,-5256.80875850907,-5256.32453241925,-5274.13743726573,-5254.32551848311
-5253.61053989297,-5230.26570145709,-5238.13272169425,-5267.8063938717,-5250.2818508391
-5239.00516808748,-5255.3622916865,-5248.62643095091,-5273.67512223372,-5274.91548921508
-5259.78946510785,-5238.36735701798,-5238.55578163808,-5229.857934479,-5278.56389658446
-5248.18674936861,-5247.26143545458,-5239.10487184937,-5249.6679243149,-5244.49925448961
-5256.9009703836,-5252.78791152122,-5262.64836920089,-5277.1003350802,-5239.58327491655
-5248.43125831174,-5263.8652844589,-5223.75961651916,-5244.70978598086,-5247.2684299334
-5253.43586541773,-5234.95353414104,-5254.32426974609,-5237.09263475001,-5252.32488317596
-5241.86291900693,-5269.75041696569,-5241.52809022378,-5257.90360625404,-5239.48329852869
-5253.89007269747,-5245.83128557587,-5254.49213848629,-5254.08981811437,-5255.27394008213
-5282.32758645227,-5270.11913829655,-5263.02856514705,-5252.46965581206,-5305.45581462661
-5259.33454500349,-5264.23456893573,-5261.93329851187,-5273.05409348701,-5249.31103631889
-5240.9150521443,-5245.32801854024,-5269.64551661275,-5254.62442050572,-5242.21137036524
-5246.79669796027,-5258.76792399041,-5232.96852754433,-5283.12914500832,-5244.64671921178
-5249.25833848565,-5256.43805017802,-5247.6584097654,-5251.08822935158,-5247.29297550077
-5227.65712872082,-5247.04928172211,-5235.36475621267,-5268.0131321481,-5269.17877269754
-5251.903711793,-5243.78941369548,-5233.41806429828,-5272.39811111677,-5232.91940508394
-5265.08027081293,-5251.75305552586,-5239.00307243529,-5289.92547637501,-5265.64947709286
-5259.48561527463,-5243.25538525112,-5272.63949611275,-5279.72595688353,-5272.43356194858
-5248.96068410211,-5242.64354401579,-5222.91580366011,-5241.86440772696,-5273.13399267278
-5250.9381085549,-5247.67587106358,-5259.6708293809,-5239.37824235544,-5266.5203133291
-5248.74119338638,-5241.27841630791,-5259.67554305615,-5235.49705349107,-5248.28108349157
-5250.27348373338,-5266.71121832407,-5262.00123073413,-5244.91811763243,-5232.51907597517
-5264.46307528131,-5269.77469859356,-5265.041068895,-5278.05297361443,-5277.94167494578
-5252.43198267018,-5228.09585879991,-5280.01129908528,-5241.96450898363,-5234.14960130518
-5282.66239708971,-5250.58342199211,-5269.88624850872,-5266.56739261514,-5264.68686795113
-5247.78791592327,-5255.93682594871,-5242.91126130323,-5275.85183665756,-5220.05297972651
-5249.91537936099,-5226.3556792722,-5267.20792066259,-5269.89433649769,-5239.90586087836
-5270.33157972151,-5265.11583183557,-5252.85381833948,-5291.0887470481,-5259.52193474252
-5284.50568088873,-5239.37498511709,-5250.36784068977,-5247.42230622973,-5251.46745627268
-5255.85848466581,-5242.00650371904,-5242.87487701077,-5242.94474630413,-5256.18927483984
-5253.05858828958,-5267.16189012876,-5264.75864963056,-5281.50902619236,-5262.84714617126
-5262.922651624,-5252.0703229221,-5272.22030068473,-5264.35617085584,-5246.66244927706
-5208.87355882121,-5279.973240067,-5238.48966958738,-5247.41465112448,-5258.52548814026
-5250.41620187967,-5269.90817302742,-5262.24904036241,-5264.86248695109,-5277.61209932939
-5237.50867945951,-5263.97990066782,-5234.4341972734,-5244.42334394877,-5250.7354025775
-5236.65616254578,-5247.28642526706,-5242.48390769572,-5253.13710166442,-5254.56865279197
-5266.90000400285,-5268.73168136729,-5262.1039353474,-5267.9021151295,-5232.95952194351
-5251.99184654313,-5268.99492954088,-5247.1405526689,-5265.26170809422,-5254.35533816335
-5225.4966397296,-5233.000662466,-5250.58198912082,-5262.06530462486,-5265.82990168274
-5244.74814599864,-5285.01609093456,-5267.25374032026,-5254.68267032217,-5250.45542256907
-5259.38053011828,-5259.95584025875,-5270.90785477987,-5260.63611357199,-5248.78924000458
-5240.26948721984,-5260.2331671655,-5249.99679262746,-5245.9028715835,-5249.23488033115
-5217.94680306039,-5269.37851773329,-5299.27360209628,-5266.00434822585,-5228.17748897173
-5268.2278019382,-5278.9314837285,-5239.69882679797,-5239.4872839139,-5257.29987589649
-5231.27621317366,-5296.36521948168,-5251.14302634555,-5271.69343402305,-5268.69253977069
-5256.13097448455,-5246.75455426654,-5258.14006748409,-5279.90114788188,-5300.22293111361
-5267.59621374702,-5241.10337511576,-5269.14871800121,-5246.67958881157,-5296.13064714514
-5273.19592065507,-5262.04369565702,-5260.48520748972,-5238.53996184448,-5244.58907616398
-5261.51960438671,-5263.12084682799,-5249.49751699295,-5259.90510333894,-5278.64825662935
-5270.61564623474,-5255.46394805809,-5243.90234032132,-5270.91334050572,-5241.65757875665
-5265.11904032885,-5225.57059081243,-5228.17440807817,-5271.91440135913,-5269.77723521304
-5291.80818820266,-5278.22577888434,-5223.43515723742,-5255.67768655261,-5258.33932186823
-5229.68765227334,-5267.19927355336,-5251.2448748396,-5282.01624378899,-5244.71625792745
-5227.34248337041,-5263.9624433428,-5261.70310603628,-5279.59496353879,-5244.62543391155
-5263.06756385267,-5255.42348992039,-5263.6128382013,-5277.32678021698,-5256.47117762274
-5233.17037486781,-5271.37721728305,-5266.30584678499,-5245.34207188729,-5252.91274856641
-5252.56531029363,-5245.75558503076,-5248.76581645837,-5232.64896514104,-5233.35872257612
-5270.90168788934,-5285.95522385096,-5257.59338452318,-5262.58981098903,-5262.06342391527
-5252.7661746918,-5260.03108873452,-5260.23976505495,-5249.82501957867,-5238.19113231882
-5250.19525190077,-5256.18742725473,-5253.77407329138,-5223.689588975,-5232.08131390373
-5249.76476002732,-5259.36901003405,-5292.9483680985,-5263.56464432556,-5235.24339912827
-5251.30405742662,-5263.96138176359,-5276.63645278218,-5242.18032518221,-5239.00505333067
-5248.41788112242,-5267.95692105732,-5262.3114304532,-5263.45442015867,-5228.77520955129
-5256.60539899343,-5267.15468107545,-5251.66124906545,-5249.55045449155,-5245.9053777972
-5251.49938161288,-5276.54229507865,-5251.78470458096,-5233.52337306786,-5259.95126561081
-5241.12442689917,-5265.17496865556,-5219.09800590435,-5262.23018752386,-5273.92744432339
-5264.29908493928,-5245.35275062503,-5218.65904097111,-5275.12775617904,-5247.14632397649
-5258.42781109993,-5255.78780324667,-5242.69507247503,-5259.40574787027,-5245.25440609611
-5263.35049122213,-5249.84541073303,-5259.57037709614,-5268.69146748294,-5240.5573689808
-5246.57714431969,-5252.30228889216,-5242.22556677471,-5227.51676972281,-5237.45540066665
-5285.2641779714,-5237.63566381076,-5232.1599793087,-5261.38185486331,-5261.6710927242
-5268.34754434739,-5246.31809850876,-5250.01715449797,-5247.84491219493,-5228.51600202572
-5261.50158375574,-5225.97468398936,-5248.58553709753,-5252.96566027093,-5276.21450804769
-5258.59262165912,-5280.63206057882,-5257.72118912732,-5243.09310949,-5255.42918912546
-5252.15887969451,-5244.41799637725,-5260.78220721196,-5272.23502045195,-5249.015805532
-5269.81871076791,-5256.2698760207,-5243.12371548295,-5277.23990911218,-5280.66509151639
-5267.66824477069,-5252.15045311372,-5277.60948593009,-5261.48495667785,-5262.54751863159
-5238.03455197217,-5249.69029460984,-5268.5216272593,-5262.82738929621,-5251.23132455964
-5257.25495541836,-5247.32914866404,-5272.94140887247,-5228.67830984217,-5239.41626602375
-5262.03114003084,-5254.85848635541,-5262.11117663592,-5259.45742438979,-5238.17694148336
-5249.49684269056,-5261.5269910666,-5271.57198180897,-5275.50229469893,-5265.78782968263
-5260.73680528398,-5258.8272021448,-5277.66519079587,-5243.91524344401,-5245.24318784743
-5281.81528500569,-5261.88232776972,-5233.50410475312,-5263.15928724675,-5259.30462667164
-5253.36023358652,-5275.91820542243,-5273.88159318103,-5215.92703110447,-5252.72127746051
-5239.77004365477,-5252.28088321369,-5267.50634325294,-5240.41841707681,-5246.15754275669
-5248.06670708696,-5243.17467919654,-5253.63934694866,-5235.0009055672,-5264.76658933522
-5242.58017401369,-5289.03441923081,-5268.77644413672,-5267.50464973479,-5223.93813466517
-5256.2012220183,-5283.44616540226,-5273.05403151737,-5238.6939608293,-5263.68555558014
-5260.13454660881,-5274.36121596726,-5248.48757816783,-5239.57405596966,-5259.00501284197
-5268.03159260931,-5231.68912056391,-5273.06750699713,-5257.71653989818,-5254.97874316939
-5279.14910801091,-5277.9797407779,-5274.74747679386,-5236.55978350118,-5241.66893848593
-5255.25685682704,-5281.86509475647,-5264.57999606431,-5255.51733330011,-5234.20397647597
-5256.36040529072,-5270.15699743817,-5247.94582054596,-5269.33853816409,-5260.07420538613
-5234.43307672093,-5268.32110847084,-5266.9127034726,-5255.48610060357,-5227.48314653266
-5255.92039776818,-5228.60119984469,-5256.96852479096,-5282.7405210291,-5273.59675686419
-5264.3082505074,-5237.39068412394,-5266.18614092904,-5245.74037872171,-5267.70027749636
-5248.77744226939,-5257.84118412409,-5265.54163661029,-5261.57212530472,-5264.99364911431
-5256.74810016464,-5247.40492097951,-5251.14483188308,-5286.70375193155,-5245.21959487378
-5253.07338216658,-5246.17708454802,-5281.84805874656,-5280.02836751053,-5226.94196453742
-5274.83131452624,-5267.49463412692,-5234.83078103216,-5274.48258731928,-5227.12387867395
-5218.73178962007,-5290.58512477623,-5278.03188291354,-5261.65826979415,-5237.87144603732
-5239.41605104046,-5249.69286835955,-5265.88791436951,-5266.07493386871,-5249.43558964829
-5267.63776974271,-5286.4536885724,-5288.99852194911,-5241.46126981792,-5273.14056950048
-5240.20467679343,-5253.81380481581,-5266.19072415154,-5253.81127363417,-5248.63846792804
-5273.98134220152,-5210.70181682541,-5280.44528767318,-5264.26941051134,-5270.09914542325
-5267.81911924629,-5258.01370298438,-5275.20455635768,-5231.9475157803,-5293.86780515985
-5230.81351382017,-5279.09081990875,-5254.68417616024,-5289.99312254586,-5264.07537987277
-5263.10995357904,-5250.01232050918,-5250.55585136421,-5259.17489313649,-5255.60814051842
-5282.65865413086,-5236.79189134196,-5250.90663183986,-5241.32169041707,-5251.17572708766
-5255.97918755822,-5282.75609596076,-5270.61098124173,-5273.52718010416,-5256.80403046845
-5228.06737792369,-5260.12109679581,-5250.86533363051,-5234.37427720725,-5251.10409045207
-5261.13931066314,-5272.78752147367,-5245.12689880508,-5274.32407289344,-5261.06017959857
-5247.83983493683,-5254.90166879639,-5272.90066998619,-5241.31050004854,-5289.1534995671
-5257.79468943972,-5269.9473756202,-5277.11434022952,-5276.57020690662,-5237.53567337199
-5257.30809188236,-5239.46013342817,-5221.00502903885,-5225.37916916563,-5245.47663835995
-5243.06676432092,-5226.55026684347,-5228.39395724762,-5254.83350771725,-5267.7883839187
-5261.49095709939,-5240.92894289159,-5292.16173339882,-5259.2357780959,-5248.0126821226
-5269.95697470678,-5257.15429557281,-5235.80893738965,-5233.40135010915,-5239.61491452141
-5251.28193628186,-5244.97198756687,-5262.64689426745,-5282.28175940544,-5262.04945969045
-5249.30755412585,-5229.8258977494,-5242.06510113543,-5263.61883111254,-5249.96515708063
-5264.75256848901,-5252.05192358636,-5239.51062485601,-5246.70641755478,-5273.3835999013
-5279.93887275582,-5251.83261338829,-5211.4479138162,-5237.93309019959,-5254.28013940481
-5265.43471054996,-5238.71749498965,-5232.42194290095,-5248.88115857897,-5262.80182146652
-5261.88880013668,-5247.0836276375,-5275.13067563992,-5240.24361306345,-5247.88475873279
-5237.32983372042,-5244.5789795458,-5240.79953013619,-5261.21324507751,-5256.32773445532
-5258.75878349867,-5269.25264680458,-5275.21080140636,-5254.41455091877,-5239.42550217065
-5265.07637815413,-5252.88564216082,-5263.40380335979,-5245.26389450584,-5238.70111290194
-5255.84970002813,-5270.75528968055,-5257.75170401318,-5240.93007062086,-5263.52660467314
-5270.87532918214,-5279.55918255814,-5238.07645835049,-5271.42492101239,-5244.11823940842
-5279.33963599795,-5275.65781708673,-5257.57955561606,-5265.81400224488,-5251.42744481063
-5244.73054980155,-5275.86546729998,-5266.2771970202,-5285.07197037353,-5237.45321463314
-5269.80790452927,-5264.1339688693,-5255.68144352553,-5262.5847999558,-5259.83573178329
-5263.12192417811,-5234.13412580466,-5268.32303537574,-5291.49203305851,-5235.94092390604
-5257.95840137559,-5276.75431762344,-5266.42667790943,-5267.93832821128,-5274.56948372749
-5262.30169711166,-5261.47587626059,-5270.93410956196,-5233.14839013411,-5232.07150785026
-5268.86956174318,-5267.93066820974,-5253.22722340947,-5249.95528799366,-5287.78659927721
-5245.061824773,-5264.08779048862,-5284.5247298976,-5270.89391551972,-5258.63979923551
-5253.14418588251,-5251.97321088044,-5237.783968605,-5265.48591100778,-5292.32929642389
-5269.43784562418,-5265.49484302324,-5247.00828045923,-5259.60046048582,-5248.26487951559
-5239.16024283999,-5263.67629365889,-5251.50036606819,-5256.89668571993,-5252.24230358307
-5247.76180291356,-5232.19356970291,-5268.7567652707,-5250.38734022607,-5259.11500151586
-5222.45615404665,-5274.55795465116,-5263.15320850678,-5227.68420815636,-5263.05343919577
-5267.32769415577,-5251.77952265002,-5261.39412343885,-5263.34314011888,-5266.1483438575
-5260.10250967847,-5260.0768194376,-5234.61244779166,-5254.56674017359,-5254.65790953915
-5249.87992227461,-5276.73976941904,-5259.01785542612,-5260.98300040102,-5260.91805294447
-5262.52008634461,-5249.65932482379,-5255.38001484588,-5253.65268054388,-5238.22830614634
-5273.83360991439,-5234.68197686576,-5268.2322496744,-5245.54546220341,-5283.8688943667
-5247.78731453852,-5249.73402358179,-5251.42823630376,-5239.89302153692,-5247.18707551047
-5240.54040780687,-5274.08666053202,-5232.27847501168,-5217.61194219109,-5252.97788839711
-5257.85413169465,-5229.18366224923,-5237.21641492631,-5280.99671976174,-5280.61691405335
-5252.19885831351,-5264.84336793587,-5248.53874733038,-5265.24181405827,-5260.71695639721
-5241.76620196192,-5269.7239345037,-5263.22765832688,-5243.64827084966,-5258.55281201333
-5249.73921497946,-5235.83408166577,-5273.81848913986,-5249.82695758575,-5265.62385326449
-5238.15111117549,-5263.21933212554,-5242.87944929367,-5267.44635316319,-5264.60683114858
-5232.18012037428,-5253.87907212249,-5255.97208148717,-5244.64237355425,-5284.59141392793
-5266.0616649949,-5271.24635079267,-5292.29862782304,-5241.30723676559,-5261.57193076163
-5245.9004782375,-5231.8108360204,-5280.31086241535,-5248.11566794529,-5260.90692561038
-5246.33382211893,-5243.1905308162,-5253.01238757241,-5235.6545872694,-5248.97937818036
-5255.0591167629,-5269.80669984458,-5240.16211869653,-5227.90270255866,-5270.65690271762
-5250.41225950803,-5277.61225508179,-5249.27503201492,-5241.94868189507,-5276.76634344502
-5259.67423821885,-5256.93516802947,-5270.82786297976,-5233.7652387511,-5257.96781016943
-5240.95328094448,-5234.04574420745,-5232.44761803334,-5235.10386010944,-5261.98106234231
-5275.71076154513,-5250.38142854743,-5262.62260716135,-5221.85541875358,-5274.34082710876
-5267.24274235112,-5274.72842125683,-5260.66050437073,-5230.19410726275,-5259.19341168278
-5241.02061869484,-5250.82756368496,-5276.52797831452,-5260.7015753074,-5255.76068243732
-5226.51235907253,-5249.83761908022,-5246.22523153927,-5235.44747224461,-5257.38807269013
-5274.0660233796,-5258.0325166268,-5259.9170718148,-5254.37620116305,-5262.8712952465
-5257.24095624005,-5242.79468039557,-5257.94371095597,-5223.19342699828,-5258.12155683977
-5275.02046612724,-5238.85990056982,-5261.20321294478,-5264.55579319643,-5258.63485296788
-5254.32724031298,-5240.17283901593,-5277.21605224402,-5250.43016131034,-5237.65323609233
-5232.1601691484,-5247.52179813284,-5262.04550967383,-5247.64922026971,-5253.68277285072
-5233.66674982918,-5263.26843190919,-5273.09643242636,-5285.24508256753,-5277.24711346411
-5249.04127536878,-5252.22082095539,-5252.01360721393,-5267.78464975932,-5259.60327101791
-5242.59598350372,-5240.54866569422,-5255.99827583374,-5249.57387761261,-5260.83068269978
-5274.03443692916,-5249.48666292035,-5242.09936775484,-5277.47284922834,-5268.73598080986
-5260.79541245556,-5250.76860428581,-5276.17745380436,-5247.79638315752,-5270.03935491893
-5236.48988934858,-5236.2983135601,-5258.70803370767,-5199.47488714352,-5241.49793900371
-5263.54148680564,-5268.45052109158,-5263.2918207833,-5251.23491404023,-5256.53936944108
-5266.17565595374,-5258.99892294748,-5252.33582492974,-5242.63264045513,-5254.93382209927
-5254.934959517,-5265.21216975157,-5273.86790948581,-5273.14438648728,-5255.54018851116
-5229.98387679378,-5239.54292636459,-5251.24375009657,-5259.62556554033,-5281.38069563622
-5240.67526007426,-5241.09487987093,-5266.50702994221,-5274.887771875,-5263.72115914887
-5256.28162819409,-5248.95000379335,-5219.83890683601,-5232.32140840193,-5304.49204799245
-5250.69121799336,-5263.93139748932,-5270.3406488732,-5255.33203598939,-5271.88206249896
-5280.66562429359,-5236.86150769374,-5231.15136696956,-5250.40893393132,-5274.20128340107
-5274.57627627669,-5259.08394736683,-5249.15801746593,-5253.47206723312,-5293.10309207516
-5267.89437396456,-5258.50721275567,-5245.85672529334,-5241.74123721541,-5253.04065726392
-5246.36378464317,-5250.40498989061,-5285.47729744861,-5241.47513041862,-5274.80846888605
-5259.22119196219,-5277.83586872708,-5270.23652302692,-5262.38379681862,-5272.71628457428
-5264.54174020514,-5262.41846348754,-5282.47225736135,-5261.50798139924,-5264.38657550518
-5282.33040686699,-5255.93672831553,-5232.23097245571,-5262.49336152327,-5265.11135815286
-5256.3639209757,-5240.35176246457,-5269.7921218161,-5256.89904035208,-5244.0647256562
-5243.92144315257,-5260.77557573695,-5265.04781399763,-5238.07807695558,-5276.51457524291
-5240.832224245,-5276.05236081643,-5273.65992548202,-5242.12173185981,-5256.34213639708
-5247.78284404711,-5289.95282073912,-5247.99317886191,-5272.43856754885,-5288.06742651267
-5249.20033411272,-5235.54259661929,-5270.91936853726,-5246.29982619383,-5264.23484335688
-5254.09174676356,-5255.05800797056,-5251.72639592614,-5259.2622045977,-5277.24570426272
-5268.05854508719,-5273.66319678443,-5236.9090286769,-5255.57261498899,-5248.78718697993
-5266.62177299172,-5264.59510100655,-5245.98493442418,-5236.94866808264,-5279.20205541873
-5240.67258365955,-5228.03421260408,-5234.00936678199,-5289.63257474523,-5252.19041165763
-5256.42866608117,-5274.98632098819,-5227.25210932375,-5257.53344296281,-5256.34807078187
-5259.4178854096,-5266.09573693964,-5246.45026620862,-5237.99369842831,-5255.06955040336
-5230.12139983639,-5235.97009030797,-5262.11660621054,-5285.91309916418,-5258.57155815649
-5261.54753932899,-5284.97137094897,-5263.35920198083,-5239.0627916812,-5266.94043798061
-5267.28771782367,-5250.90323972122,-5277.17338440495,-5264.41989050856,-5253.05793794743
-5250.60934969568,-5272.49314061295,-5284.76093951414,-5271.35684876304,-5261.79238053967
-5256.01791500217,-5242.22230590119,-5261.23573385158,-5256.76955955238,-5282.50815240001
-5230.09711147618,-5285.00075224951,-5237.78707838361,-5254.68186183916,-5254.42482368462
-5257.73035125266,-5269.65397655707,-5268.78316496027,-5237.29333374238,-5271.73229985562
-5273.17980483444,-5281.9950938463,-5217.97957486265,-5258.72445212316,-5243.59341655034
-5229.51872641088,-5256.17751579972,-5253.17627858639,-5255.05469022124,-5224.66817039696
-5246.36712930129,-5262.8638328328,-5246.40669611382,-5251.94520218794,-5261.85786703864
-5243.07892334982,-5261.83320258148,-5258.07034962392,-5272.22566044357,-5275.30031439453
-5244.82310824812,-5241.06824789085,-5254.18675659523,-5276.07384253779,-5260.00422253167
-5239.33774927123,-5241.1389943266,-5239.01141393802,-5260.54339993632,-5245.93292085802
-5273.10657802401,-5232.14114902749,-5232.32197061396,-5250.4975597112,-5247.96874301766
-5290.45430575307,-5271.31106193906,-5237.66079886816,-5263.15475417855,-5270.5837112677
-5242.84088091292,-5240.44594395526,-5240.83689871242,-5263.24334342826,-5236.58287349248
-5257.43672652043,-5226.99014885125,-5254.27726020538,-5266.56921803616,-5280.32701233159
-5267.59311434485,-5256.74138749122,-5258.13371934265,-5228.00644762957,-5276.85185415979
-5219.8302450882,-5267.96983355227,-5239.41709099786,-5250.12941286606,-5233.05542965201
-5246.18731672867,-5248.57508389582,-5270.07232656601,-5230.16886490583,-5240.29987737131
-5249.08879732215,-5257.83837192868,-5265.16070355693,-5252.74648470183,-5250.19965574738
-5291.39686151504,-5257.34514854632,-5263.46343704647,-5261.94165399377,-5284.41245659252
-5250.23752365706,-5268.39033650542,-5266.43601764445,-5259.1968163483,-5242.15016244456
-5263.87627606791,-5264.69557338423,-5259.48041234842,-5239.08555753152,-5258.74620285864
-5248.84055848612,-5264.06015603239,-5227.60891803679,-5220.5568254185,-5263.3573583473
-5252.68935641362,-5255.08827947599,-5241.11664008841,-5279.27453395781,-5225.98818060098
-5268.41376375089,-5248.02428042279,-5244.94197542461,-5247.39825295771,-5247.42887325012
-5244.59253387945,-5231.2216269542,-5224.22069619073,-5268.78823623096,-5260.67426828875
-5277.58467594008,-5253.34810884732,-5245.11269713406,-5256.9035698498,-5264.37610064172
-5263.40148212657,-5222.50071615729,-5242.78613135181,-5265.6166781302,-5273.4940265051
-5237.6879599464,-5273.07039676107,-5244.75116726623,-5258.51364257585,-5265.53723129972
-5243.72319358698,-5247.90243183068,-5260.10142191159,-5258.81379571001,-5291.96284115042
-5276.1529020969,-5269.96302939569,-5226.27693737327,-5254.03313707074,-5242.82762020833
-5249.14889168173,-5247.65946742037,-5229.52285430708,-5236.40379645016,-5277.37271924471
-5276.63162154387,-5215.65134845857,-5233.27914922468,-5251.52379631551,-5246.76325260572
-5277.4812408438,-5274.36123039748,-5251.70639997192,-5266.77701617528,-5247.52607277378
-5280.05555697293,-5259.61515931103,-5264.51617174276,-5255.05109413922,-5253.51047040791
-5276.680311032,-5259.63118607545,-5234.96360700947,-5259.43075782672,-5271.65158292651
-5237.38098574512,-5260.69018278659,-5232.50873494837,-5247.39143975833,-5265.66713173092
-5262.43733045909,-5250.40827056842,-5240.79449234137,-5265.33118469993,-5243.52306485891
-5249.21951265317,-5227.08115571622,-5221.65036620471,-5262.57941448973,-5267.0702964468
-5229.63023806743,-5274.14668679507,-5247.28264213783,-5262.81417077603,-5256.0905703594
-5241.474026248,-5240.76684986295,-5260.86261742469,-5245.2273233298,-5268.78619626322
-5276.44664766747,-5276.05492509317,-5260.16812736303,-5235.78603104334,-5262.41546641615
-5295.33107584499,-5237.96638531474,-5256.71484812958,-5261.69336375046,-5258.28422789741
-5242.49917968103,-5268.18361071238,-5267.15746723644,-5294.96788982116,-5256.55135040715
-5263.43499071948,-5266.84387876318,-5276.14900092494,-5234.81473659473,-5264.45231312845
-5247.7862612042,-5286.15625648988,-5240.95321458786,-5220.46134593298,-5282.76615712878
-5259.36160446648,-5245.11587642504,-5254.93621767182,-5278.22073104557,-5255.24491835873
-5242.20522306815,-5243.63055334831,-5242.65171089136,-5251.54720550565,-5264.71566477292
-5248.63042548074,-5241.98319026285,-5257.75177554255,-5254.81021894653,-5268.91597803648
-5237.80433243978,-5255.30497162918,-5247.52316544658,-5273.2421420138,-5255.36795340951
-5246.87156135588,-5264.79689040361,-5265.10803678865,-5267.34439445514,-5263.99895778246
-5253.52269823707,-5257.97161094934,-5265.61406651825,-5270.81221072175,-5264.10131552322
-5226.76025092404,-5271.1504111376,-5251.66546230405,-5279.43772984521,-5248.95171832259
-5247.94491999279,-5245.88223992149,-5260.70432929315,-5259.43269947603,-5261.57434637793
-5290.46780831984,-5262.27647729845,-5276.32374050842,-5256.16488406931,-5257.24397339274
-5268.06917648546,-5247.38932187581,-5257.24807454345,-5255.31490733393,-5255.63517873637
-5263.8076850251,-5254.81202172214,-5264.09417690402,-5275.14012129356,-5263.30863470469
-5305.04008607082,-5270.2798840356,-5250.08106540657,-5257.56021550882,-5268.13568332612
-5242.73198109833,-5270.31238699073,-5250.50156808933,-5262.62806817711,-5243.99928751061
-5256.54891011884,-5285.7263960992,-5261.278592894,-5239.41686056216,-5243.77098912427
-5242.98584542011,-5258.46554142201,-5254.32030626215,-5259.02415189888,-5256.69388423325
-5268.5432250125,-5276.00990369803,-5228.78060493741,-5262.11075602613,-5259.45172305358
-5236.321360227,-5244.49901415826,-5254.83582364326,-5241.4178720206,-5254.61754788687
-5274.8944409975,-5262.54991361365,-5261.84293198967,-5235.41939261183,-5243.04511650199
-5245.60170807583,-5256.09964177686,-5264.65128195371,-5276.25775831231,-5273.11155364495
-5256.87231895635,-5264.11394948942,-5250.22276618074,-5269.61521217958,-5290.5554335074
-5235.16809558991,-5222.96031790547,-5257.06869196299,-5258.25173080369,-5259.10711176026
-5259.97058842902,-5265.71726981478,-5250.91494700294,-5233.63525247302,-5234.84371826194
-5265.22958166503,-5236.61972085993,-5261.90138901481,-5250.42075670238,-5245.30169796426
-5219.46437039151,-5249.9902607933,-5247.17894795884,-5266.3665730086,-5258.16217866084
-5228.13573539548,-5240.89389032522,-5269.92024142419,-5263.740967619,-5241.55587822675
-5227.61766201995,-5262.2232031119,-5256.96078579518,-5265.86191013418,-5255.81837136911
-5279.76167246933,-5257.61814910848,-5267.54285202618,-5272.66973395615,-5279.17984937719
-5266.34169109808,-5260.25345782233,-5264.84608560094,-5244.1058031637,-5259.42377889949
-5231.71921134957,-5241.53852504672,-5266.76117363442,-5247.80462901799,-5290.36086816985
-5234.63360356792,-5254.94640052275,-5235.73755644445,-5252.03155013152,-5236.15088763851
-5238.7646528985,-5268.1479114521,-5265.04287918571,-5275.71758728485,-5268.76787920872
-5250.23777272351,-5228.55086145451,-5221.21382003692,-5226.22139148908,-5256.1879428948
-5259.11282531683,-5263.08260531589,-5265.08305278271,-5253.37211914235,-5287.32847761801
-5264.85480712293,-5281.76077771634,-5238.60514488483,-5257.22373482298,-5263.38405874299
-5229.95179394684,-5265.64053317993,-5231.0589227729,-5255.13183373567,-5232.92010608971
-5225.65598005799,-5250.71356622431,-5232.87351031959,-5256.92673752349,-5278.69236365112
-5272.14086256882,-5287.20462033402,-5246.02150861163,-5289.25927768262,-5271.91348112208
-5263.59213392912,-5261.56231150841,-5253.34655281609,-5247.31515157839,-5272.79920778369
-5272.45793448867,-5262.01077076064,-5254.31067719032,-5259.5650509805,-5239.76811358551
-5260.61766743852,-5268.10461455241,-5252.4792521935,-5220.78440256436,-5294.56846398535
-5258.67892120355,-5273.51327643152,-5248.92951777275,-5228.62747419804,-5274.18638903666
-5245.97200775058,-5239.42298368249,-5256.64018454763,-5238.40518725603,-5276.29267391782
-5255.97063202539,-5263.24300286461,-5279.24410090582,-5284.72703881911,-5252.27986045843
-5272.08835556363,-5213.36172569137,-5241.21341400788,-5272.91773038923,-5279.05409707103
-5265.84882237751,-5259.05391209718,-5258.96523161772,-5246.9103306084,-5242.31117985071
-5243.59009572738,-5271.47560050759,-5246.0002284748,-5254.11865653714,-5292.79085961713
-5240.88584142762,-5281.46273945762,-5255.1292495078,-5270.59250950402,-5288.27631047914
-5273.25660482293,-5251.29713672332,-5253.44561751272,-5242.49111756328,-5242.52594067528
-5250.20220125428,-5250.69817844383,-5247.59977781112,-5273.75329953314,-5243.64201859943
-5243.54575904338,-5257.82399524996,-5277.27782431093,-5271.89317161184,-5245.28414313462
-5272.83664774443,-5245.3652111007,-5235.45235053277,-5239.52339546787,-5302.63095205538
-5240.76513086897,-5254.27131766756,-5242.54019618562,-5263.74597145071,-5277.73865207856
-5277.38558546757,-5245.492606816,-5244.32313218746,-5256.23256081948,-5274.52209527013
-5242.01897051371,-5251.26379994883,-5250.2102604081,-5225.52145480424,-5254.28635885972
-5257.73930495103,-5257.76001397651,-5235.14408484059,-5276.38184837659,-5280.81072500996
-5237.54133146966,-5239.47950960484,-5256.54931736841,-5256.69098429272,-5239.14452039338
-5252.56982784931,-5256.98166153581,-5248.03722505049,-5274.22853366551,-5256.6962812843
-5284.64428432654,-5260.71889696702,-5244.41017534695,-5242.67285218554,-5268.33080661877
-5228.39441443098,-5237.45977956925,-5242.47170540367,-5237.63971469084,-5254.72742057625
-5268.27829264234,-5255.66417212082,-5238.48545141517,-5250.20365195419,-5265.96394616084
-5252.78231058917,-5256.7612674096,-5264.64713337112,-5257.0757180322,-5244.22343313393
-5250.32639840746,-5252.69266678586,-5259.29143375237,-5243.85467997465,-5258.31639390318
-5258.60913706553,-5241.53278473914,-5298.07287484428,-5267.63756926995,-5278.28769797605
-5264.94239784851,-5243.07135394198,-5274.53023390768,-5226.01262338877,-5254.15770048743
-5245.66210447439,-5250.87427464174,-5280.52206194667,-5273.41382049154,-5254.03266112385
-5292.51320786527,-5255.36650110523,-5254.58151742878,-5246.63971885651,-5261.06155759551
-5242.3342641866,-5276.74370688491,-5266.46301868966,-5236.82365831648,-5264.85722299934
-5260.12555866046,-5274.41229565755,-5232.36106241333,-5289.12313126884,-5263.29664233849
-5281.29063912316,-5261.83517192785,-5261.31504474932,-5272.07600567562,-5275.35798094279
-5252.48104493387,-5249.88935196606,-5255.80307795425,-5279.918659833,-5262.79636599701
-5281.12072436085,-5217.15953428791,-5251.79168434926,-5261.55972693735,-5262.43307307836
-5256.53031084935,-5271.14688497672,-5245.74385674563,-5273.70446315636,-5248.60649997471
-5260.09840780403,-5244.85345163449,-5263.54402780501,-5271.07854093967,-5251.10443568931
-5267.59607219163,-5257.18054493066,-5260.81535203439,-5290.80292581495,-5277.93440529811
-5241.46865155297,-5253.20702747702,-5273.35517229186,-5247.64162766451,-5246.82063547259
-5218.11662566717,-5246.46288764908,-5251.78990459007,-5259.09276555446,-5249.92204658817
-5241.32688554389,-5259.86498948202,-5275.56822256479,-5279.90094227126,-5261.78464855994
-5267.88243423694,-5278.07612919127,-5221.2217635515,-5271.90608970525,-5271.11718769938
-5260.77854434879,-5242.81118371281,-5244.92019663584,-5259.86689128346,-5253.66337617328
-5246.60910311231,-5245.60417400886,-5254.1834619107,-5268.07187164307,-5253.86013262206
-5233.27032411269,-5241.3303835672,-5242.67932754906,-5244.85192912045,-5262.43392606363
-5290.35431127108,-5237.85365333265,-5261.8917302359,-5240.25549208146,-5237.24312116947
-5208.0864564186,-5262.71463622801,-5251.03922741428,-5260.42723019571,-5270.33270481063
-5263.00921825125,-5264.43191937386,-5251.78348241016,-5247.27509591615,-5251.9383513334
-5249.94038533383,-5219.86495123238,-5238.89274667431,-5220.94557386526,-5267.83144950508
-5260.43451773091,-5242.69946665054,-5205.15319508055,-5256.66479971764,-5253.29686484823
-5259.33010584223,-5270.39188335828,-5258.40882026177,-5273.39088493181,-5285.16256591191
-5261.75655779657,-5236.47277636225,-5239.63791177365,-5267.19834271747,-5267.59646196809
-5240.34006619847,-5244.92104304668,-5262.46192569666,-5261.9872864503,-5233.06748491608
-5245.03968578895,-5251.19833738497,-5255.98749494234,-5282.64780293167,-5239.11409206754
-5243.85663104668,-5245.28639126026,-5263.49231111763,-5230.43887647142,-5259.33997295763
-5261.5842304848,-5230.72957120713,-5259.56933115615,-5225.55465031421,-5265.69017055946
-5285.61665861292,-5273.9862905769,-5251.48891425789,-5240.99952381707,-5270.32869623738
-5250.64113100426,-5236.74570890204,-5251.13773295852,-5286.78392295364,-5255.26167442452
-5264.49459191702,-5255.12721852602,-5259.16642556751,-5244.00519380385,-5251.22122408276
-5252.2424686601,-5277.94476576547,-5251.29750429001,-5259.16770132041,-5244.92195130291
-5232.93472301068,-5278.98534843233,-5245.04181625077,-5258.43852432439,-5264.36491618411
-5242.22262456132,-5255.82327630558,-5301.84370337567,-5255.29958623711,-5258.41362228724
-5243.92423226395,-5243.04692473149,-5276.74663473953,-5254.70371985248,-5270.08681852492
-5264.68714819363,-5264.80945435539,-5259.57423951974,-5272.12990542047,-5230.36781327247
-5263.34208971548,-5241.10339196314,-5264.88999984066,-5260.66808416728,-5260.12440794712
-5261.72824583274,-5221.35478512385,-5270.17977674278,-5247.45507714138,-5252.34901721791
-5229.54694032211,-5263.79229950133,-5255.35868967457,-5275.80651253826,-5264.14716759408
-5238.88326894989,-5255.89602636788,-5257.77923044215,-5255.01035259142,-5272.64843972404
-5275.33299892068,-5280.97739403303,-5249.84877223113,-5265.50086199985,-5275.92885306626
-5282.15332142588,-5257.21127136229,-5246.17808478803,-5257.78446477737,-5240.83105819505
-5264.53833988498,-5264.39288693824,-5261.56488042444,-5264.6943395324,-5249.28185742568
-5242.14971249059,-5262.90833069848,-5259.64654562448,-5248.88967208022,-5241.95810077886
-5251.71946411358,-5271.2171716468,-5231.00299603827,-5287.66802687355,-5249.29269626931
-5259.39787577985,-5235.37583560293,-5252.41497781166,-5237.33708113868,-5272.39202324521
-5272.03350499849,-5242.40261463437,-5259.13685284454,-5266.12911944863,-5248.24257352404
-5265.12283386232,-5259.97870847582,-5267.05651581446,-5251.2878943571,-5249.75632581692
-5281.00081159199,-5273.0900121569,-5235.03150315525,-5276.19610676839,-5264.3927354841
-5259.4058023242,-5271.14620294306,-5253.60104157444,-5275.2457375383,-5264.99640892075
-5264.27834945593,-5230.79094736495,-5282.24881149691,-5274.76330742072,-5267.42978627725
-5278.21068760745,-5260.69273233966,-5214.80541827953,-5229.67847168357,-5278.51762496997
-5243.22310558582,-5261.60694889273,-5230.85040168102,-5275.91794488405,-5238.63203783534
-5278.55193286492,-5267.84030990458,-5267.21013718693,-5269.36751154973,-5237.68199299845
-5235.58007527488,-5254.21928235738,-5238.58916373161,-5267.25202153241,-5242.7720490109
-5261.98530968928,-5228.86961008538,-5231.78002249628,-5282.58136134874,-5236.84460522094
-5248.7662718664,-5274.75449443924,-5233.45110750994,-5281.69349377716,-5259.92406148379
-5257.09038771742,-5274.36232784039,-5235.68244666261,-5264.36578353337,-5248.65916230655
-5251.85075581798,-5252.6777906589,-5261.13136418048,-5265.38491944961,-5271.64114057213
-5243.97827143604,-5228.0963846734,-5245.22218197029,-5260.94921787085,-5249.73747216331
-5247.23859471242,-5244.36105191714,-5226.79910615818,-5250.60044712446,-5238.17235767306
-5248.55970878278,-5246.59835017145,-5269.80058445004,-5282.31710809232,-5265.61541573173
-5262.38783131859,-5252.49477919055,-5298.41563539179,-5251.89934365524,-5258.24740083926
-5234.71716172913,-5261.16245078573,-5271.16629949035,-5282.61819390915,-5264.73234380377
-5248.44272557799,-5256.92498492853,-5259.96749127924,-5287.37846395928,-5270.00958020381
-5244.40199077431,-5267.78768167542,-5265.85889564532,-5243.46051741547,-5254.53561286565
-5228.68187450476,-5230.78407021617,-5262.58171745962,-5264.93525306722,-5252.56560149462
-5248.64120589077,-5260.76929448607,-5258.2133095778,-5263.12476333681,-5251.97647049675
-5276.57949425548,-5262.19950684017,-5219.10576535823,-5251.89442983987,-5251.5042942946
-5251.66916218275,-5248.53857398592,-5257.53185841706,-5247.87336776566,-5258.34959511333
-5246.36017427352,-5242.7746331214,-5254.82970662871,-5267.48817963535,-5274.47806736792
-5262.76222297517,-5205.92970006806,-5241.12969408832,-5254.07803760857,-5260.51785817238
